{
  "broker": "rabbitmq",
  "collected_at": "2026-06-05T03:31:45Z",
  "hop1_latency_ms": {
    "p50": 10.699675324675324,
    "p90": 37.72695652173915,
    "p95": 49.850202020202005,
    "p99": 85.44304385964911
  },
  "hop2_latency_ms": {
    "p50": 11.623853211009175,
    "p90": 27.10000000000001,
    "p95": 36.6733333333333,
    "p99": 52.663999999999945
  },
  "throughput": {
    "matches_per_second": 86.24137931034483,
    "join_requests_per_second": 172.48275862068965
  },
  "broker_resources": {
    "cpu_percent": 99.94032693340041,
    "memory_mb": 154.77
  }
}
