{
    "root_group": {
        "groups": {},
        "checks": {
                "join: status 202": {
                    "fails": 0,
                    "name": "join: status 202",
                    "path": "::join: status 202",
                    "id": "ccc44eb3c695dc4a3cbba6880c142f20",
                    "passes": 11766
                },
                "ws: connected": {
                    "name": "ws: connected",
                    "path": "::ws: connected",
                    "id": "8ae4f02789e322983612bd1563e87146",
                    "passes": 11766,
                    "fails": 0
                }
            },
        "name": "",
        "path": "",
        "id": "d41d8cd98f00b204e9800998ecf8427e"
    },
    "metrics": {
        "ws_connecting": {
            "p(99)": 3847.5130315,
            "avg": 2420.2523596410006,
            "min": 16.041071,
            "med": 2331.6871705,
            "max": 4045.938135,
            "p(90)": 2962.3042915,
            "p(95)": 3299.9664792500002
        },
        "match_timeouts": {
            "count": 0,
            "rate": 0,
            "thresholds": {
                "count<10": false
            }
        },
        "http_req_duration": {
            "max": 357.012355,
            "p(90)": 69.23245650000001,
            "p(95)": 117.0040575,
            "p(99)": 267.60449965000004,
            "avg": 31.273183528471716,
            "min": 2.179194,
            "med": 13.8141525,
            "thresholds": {
                "p(95)<500": false
            }
        },
        "http_req_tls_handshaking": {
            "p(95)": 0,
            "p(99)": 0,
            "avg": 0,
            "min": 0,
            "med": 0,
            "max": 0,
            "p(90)": 0
        },
        "iteration_duration": {
            "med": 2511.40603,
            "max": 4237.390626,
            "p(90)": 3129.088987,
            "p(95)": 3487.2616845,
            "p(99)": 4054.2492918000003,
            "avg": 2604.59561684582,
            "min": 159.617674
        },
        "iterations": {
            "count": 11766,
            "rate": 188.28305623300525
        },
        "data_sent": {
            "count": 11238372,
            "rate": 179839.7949382485
        },
        "ws_msgs_received": {
            "count": 11766,
            "rate": 188.28305623300525
        },
        "http_req_duration{expected_response:true}": {
            "p(90)": 69.23245650000001,
            "p(95)": 117.0040575,
            "p(99)": 267.60449965000004,
            "avg": 31.273183528471716,
            "min": 2.179194,
            "med": 13.8141525,
            "max": 357.012355
        },
        "http_req_receiving": {
            "avg": 0.23245669726330034,
            "min": 0.035311,
            "med": 0.16280650000000002,
            "max": 8.213854,
            "p(90)": 0.3246985,
            "p(95)": 0.56669425,
            "p(99)": 1.5411445499999998
        },
        "checks": {
            "passes": 23532,
            "fails": 0,
            "value": 1
        },
        "e2e_latency_ms": {
            "p(95)": 249,
            "p(99)": 475.40000000000146,
            "avg": 82.14295427502975,
            "min": 10,
            "med": 52,
            "max": 644,
            "p(90)": 175,
            "thresholds": {
                "p(95)<5000": false
            }
        },
        "vus": {
            "value": 150,
            "min": 0,
            "max": 500
        },
        "http_reqs": {
            "count": 11766,
            "rate": 188.28305623300525
        },
        "data_received": {
            "count": 10894076,
            "rate": 174330.26722034957
        },
        "http_req_waiting": {
            "p(99)": 266.60990490000034,
            "avg": 30.936328297977525,
            "min": 2.026554,
            "med": 13.462423,
            "max": 356.728458,
            "p(90)": 69.0098355,
            "p(95)": 116.5847865
        },
        "http_req_failed": {
            "fails": 11766,
            "passes": 0,
            "thresholds": {
                "rate<0.05": false
            },
            "value": 0
        },
        "ws_msgs_sent": {
            "count": 11766,
            "rate": 188.28305623300525
        },
        "ws_session_duration": {
            "p(90)": 3128.8733535,
            "p(95)": 3487.0270155,
            "p(99)": 4054.0605204,
            "avg": 2604.2702873949515,
            "min": 159.369988,
            "med": 2511.1461965,
            "max": 4237.186078
        },
        "http_req_blocked": {
            "p(99)": 1.1911176500000022,
            "avg": 0.07324677494475558,
            "min": 0.004838,
            "med": 0.017241,
            "max": 18.178456,
            "p(90)": 0.03058,
            "p(95)": 0.15394625
        },
        "http_req_connecting": {
            "max": 18.041148,
            "p(90)": 0,
            "p(95)": 0,
            "p(99)": 0.7782213500000023,
            "avg": 0.039845971273159954,
            "min": 0,
            "med": 0
        },
        "vus_max": {
            "value": 500,
            "min": 240,
            "max": 500
        },
        "http_req_sending": {
            "avg": 0.10439853323134492,
            "min": 0.016245,
            "med": 0.0659775,
            "max": 16.216117,
            "p(90)": 0.1232515,
            "p(95)": 0.19234225,
            "p(99)": 0.8904556500000008
        },
        "ws_sessions": {
            "count": 11766,
            "rate": 188.28305623300525
        },
        "join_errors": {
            "count": 0,
            "rate": 0,
            "thresholds": {
                "count<10": false
            }
        }
    }
}