{
  "broker": "rabbitmq",
  "test_start": 1780630234,
  "test_end": 1780630299,
  "step_seconds": 2,
  "hop1_latency_ms": {
    "p50": [[1780630234,"0"],[1780630236,"0"],[1780630238,"5.720930232558139"],[1780630240,"5.260606060606061"],[1780630242,"5.704225352112676"],[1780630244,"6.823529411764706"],[1780630246,"10.584615384615384"],[1780630248,"13.603174603174603"],[1780630250,"14.95945945945946"],[1780630252,"18.054794520547944"],[1780630254,"15.343434343434343"],[1780630256,"14.82882882882883"],[1780630258,"15.222972972972974"],[1780630260,"14.257309941520468"],[1780630262,"13.573604060913706"],[1780630264,"13.054545454545455"],[1780630266,"12.951219512195122"],[1780630268,"13.042801556420233"],[1780630270,"13.568773234200744"],[1780630272,"13.823943661971832"],[1780630274,"14.201342281879194"],[1780630276,"13.470967741935484"],[1780630278,"13.097058823529412"],[1780630280,"12.559701492537313"],[1780630282,"12.443127962085308"],[1780630284,"12.5125284738041"],[1780630286,"12.25269978401728"],[1780630288,"13.277027027027026"],[1780630290,"12.586558044806518"],[1780630292,"12.554474708171206"],[1780630294,"12.419593345656192"],[1780630296,"12.371428571428572"],[1780630298,"12.498269896193772"]],
    "p95": [[1780630234,"0"],[1780630236,"0"],[1780630238,"28.799999999999983"],[1780630240,"11.324999999999998"],[1780630242,"38.5"],[1780630244,"66"],[1780630246,"59.95"],[1780630248,"77.09714285714281"],[1780630250,"77.99555555555554"],[1780630252,"136.68571428571417"],[1780630254,"127.75974025974025"],[1780630256,"121.875"],[1780630258,"113.33392857142853"],[1780630260,"106.20999999999991"],[1780630262,"101.40705882352934"],[1780630264,"97.31794871794868"],[1780630266,"93.93965517241378"],[1780630268,"91.91969368392517"],[1780630270,"91.70588235294117"],[1780630272,"91.215294117647"],[1780630274,"90.90924369747884"],[1780630276,"87.50869565217386"],[1780630278,"84"],[1780630280,"83.35671874999994"],[1780630282,"82.94241071428566"],[1780630284,"81.51826625387004"],[1780630286,"79.59183467741931"],[1780630288,"79.7137931034483"],[1780630290,"77.83599999999991"],[1780630292,"75.71203100775183"],[1780630294,"73.61806291975964"],[1780630296,"72.17858585858579"],[1780630298,"72.3146245059288"]],
    "p99": [[1780630234,"0"],[1780630236,"0"],[1780630238,"54.559999999999945"],[1780630240,"33.74000000000012"],[1780630242,"86.79999999999973"],[1780630244,"97.59999999999997"],[1780630246,"95.07500000000005"],[1780630248,"98.25333333333326"],[1780630250,"102.9633333333333"],[1780630252,"220.1733333333335"],[1780630254,"211.66666666666652"],[1780630256,"207.4488095238093"],[1780630258,"201.7049999999997"],[1780630260,"197.1069047619046"],[1780630262,"194.78852130325808"],[1780630264,"191.95199999999969"],[1780630266,"188.7"],[1780630268,"186.43354037267093"],[1780630270,"184.09192546583864"],[1780630272,"181.18199999999962"],[1780630274,"177.86485714285732"],[1780630276,"174.68975845410648"],[1780630278,"171.2260041407865"],[1780630280,"167.84049689440982"],[1780630282,"165.1804554865429"],[1780630284,"162.78263095238145"],[1780630286,"160.23749404761912"],[1780630288,"159.83179995443206"],[1780630290,"157.1173524720897"],[1780630292,"154.32844383686472"],[1780630294,"151.70570175438561"],[1780630296,"150.26460526315816"],[1780630298,"148.85061403508752"]]
  },
  "hop2_latency_ms": {
    "p50": [[1780630234,"0"],[1780630236,"0"],[1780630238,"11.6"],[1780630240,"9.764705882352942"],[1780630242,"10.212765957446809"],[1780630244,"11.354166666666666"],[1780630246,"13.215686274509803"],[1780630248,"15"],[1780630250,"16.09090909090909"],[1780630252,"18.057971014492754"],[1780630254,"15.931818181818182"],[1780630256,"15.735294117647058"],[1780630258,"15.39344262295082"],[1780630260,"14.924137931034483"],[1780630262,"14.548780487804878"],[1780630264,"13.737113402061855"],[1780630266,"13.547169811320755"],[1780630268,"13.660869565217391"],[1780630270,"14.078602620087336"],[1780630272,"14.340248962655602"],[1780630274,"14.305019305019306"],[1780630276,"13.907142857142857"],[1780630278,"13.723333333333333"],[1780630280,"13.321981424148607"],[1780630282,"13.238235294117647"],[1780630284,"13.330555555555556"],[1780630286,"13.058823529411764"],[1780630288,"13.090909090909092"],[1780630290,"13.10904255319149"],[1780630292,"12.908641975308642"],[1780630294,"12.889150943396226"],[1780630296,"12.882882882882884"],[1780630298,"13.009132420091325"]],
    "p95": [[1780630234,"0"],[1780630236,"0"],[1780630238,"21"],[1780630240,"20.019999999999992"],[1780630242,"26.65999999999999"],[1780630244,"47.125"],[1780630246,"39.299999999999955"],[1780630248,"49.75"],[1780630250,"49.58181818181815"],[1780630252,"67.71999999999998"],[1780630254,"66.12142857142855"],[1780630256,"64.83749999999998"],[1780630258,"62.88571428571426"],[1780630260,"61.438461538461524"],[1780630262,"59.534722222222236"],[1780630264,"57.68999999999996"],[1780630266,"55.6454545454545"],[1780630268,"54.287499999999966"],[1780630270,"53.957142857142834"],[1780630272,"53.893749999999955"],[1780630274,"53.421052631578945"],[1780630276,"52.399999999999984"],[1780630278,"51.44545454545451"],[1780630280,"50.13076923076922"],[1780630282,"49.652380952380945"],[1780630284,"48.9542857142857"],[1780630286,"48.43999999999999"],[1780630288,"48.36285714285711"],[1780630290,"48.47142857142857"],[1780630292,"47.90277777777778"],[1780630294,"47.263888888888886"],[1780630296,"46.75142857142855"],[1780630298,"46.52285714285712"]],
    "p99": [[1780630234,"0"],[1780630236,"0"],[1780630238,"22"],[1780630240,"26.819999999999993"],[1780630242,"35.43000000000001"],[1780630244,"64.44999999999999"],[1780630246,"60.92000000000007"],[1780630248,"65.91999999999999"],[1780630250,"66.65999999999997"],[1780630252,"91.94666666666672"],[1780630254,"90.29333333333336"],[1780630256,"88.57999999999993"],[1780630258,"87.54133333333327"],[1780630260,"86.462380952381"],[1780630262,"85.19952380952388"],[1780630264,"84.15285714285717"],[1780630266,"83.26142857142862"],[1780630268,"82.46399999999994"],[1780630270,"81.74818181818183"],[1780630272,"81.04863636363638"],[1780630274,"79.72999999999993"],[1780630276,"78.22914285714283"],[1780630278,"76.98400000000002"],[1780630280,"75.2959999999999"],[1780630282,"74.20672727272736"],[1780630284,"73.54618181818174"],[1780630286,"72.85890909090894"],[1780630288,"72.21319999999997"],[1780630290,"72.41666666666667"],[1780630292,"71.75"],[1780630294,"70.99553571428565"],[1780630296,"70.39970238095242"],[1780630298,"69.9413690476189"]]
  },
  "throughput_per_second": [[1780630234,"0"],[1780630236,"0"],[1780630238,"1"],[1780630240,"3.6206896551724137"],[1780630242,"5.775862068965517"],[1780630244,"7.844827586206897"],[1780630246,"11.5"],[1780630248,"15.189655172413794"],[1780630250,"18.620689655172413"],[1780630252,"22.67241379310345"],[1780630254,"25.775862068965516"],[1780630256,"28.482758620689655"],[1780630258,"31.844827586206897"],[1780630260,"35.36206896551724"],[1780630262,"38.706896551724135"],[1780630264,"42.293103448275865"],[1780630266,"45.82758620689655"],[1780630268,"48.6551724137931"],[1780630270,"51.46551724137931"],[1780630272,"54.89655172413793"],[1780630274,"58.58620689655172"],[1780630276,"62.08620689655172"],[1780630278,"65.8103448275862"],[1780630280,"69.44827586206897"],[1780630282,"72.3103448275862"],[1780630284,"75.32758620689656"],[1780630286,"78.75862068965517"],[1780630288,"82.37931034482759"],[1780630290,"85.84482758620689"],[1780630292,"89.39655172413794"],[1780630294,"93.1896551724138"],[1780630296,"94.9655172413793"],[1780630298,"95.03448275862068"]],