{
  "broker": "nats",
  "collected_at": "2026-06-05T03:15:03Z",
  "hop1_latency_ms": {
    "p50": 4.418290854572714,
    "p90": 9.621221864951771,
    "p95": 11.987125748502995,
    "p99": 18.263500000000022
  },
  "hop2_latency_ms": {
    "p50": 6.3546798029556655,
    "p90": 12.230819672131146,
    "p95": 14.19349112426035,
    "p99": 18.726111111111095
  },
  "throughput": {
    "matches_per_second": 96.89655172413794,
    "join_requests_per_second": 193.70689655172413
  },
  "broker_resources": {
    "cpu_percent": 14.650937787973762,
    "memory_mb": 27.20
  }
}
