{
    "root_group": {
        "path": "",
        "id": "d41d8cd98f00b204e9800998ecf8427e",
        "groups": {},
        "checks": {
                "join: status 202": {
                    "passes": 12904,
                    "fails": 0,
                    "name": "join: status 202",
                    "path": "::join: status 202",
                    "id": "ccc44eb3c695dc4a3cbba6880c142f20"
                },
                "ws: connected": {
                    "id": "8ae4f02789e322983612bd1563e87146",
                    "passes": 12904,
                    "fails": 0,
                    "name": "ws: connected",
                    "path": "::ws: connected"
                }
            },
        "name": ""
    },
    "metrics": {
        "vus_max": {
            "value": 500,
            "min": 237,
            "max": 500
        },
        "iteration_duration": {
            "avg": 2367.5280251654417,
            "min": 145.722922,
            "med": 2348.058879,
            "max": 3304.779656,
            "p(90)": 2636.3994157000006,
            "p(95)": 2800.8063588499995,
            "p(99)": 3100.9588592199966
        },
        "data_sent": {
            "count": 12325460,
            "rate": 198076.58993587497
        },
        "match_timeouts": {
            "count": 0,
            "rate": 0,
            "thresholds": {
                "count<10": false
            }
        },
        "ws_sessions": {
            "rate": 207.3740303836555,
            "count": 12904
        },
        "data_received": {
            "count": 11947040,
            "rate": 191995.18257553843
        },
        "e2e_latency_ms": {
            "p(99)": 194,
            "avg": 47.367095474271544,
            "min": 8,
            "med": 34,
            "max": 269,
            "p(90)": 99,
            "p(95)": 120,
            "thresholds": {
                "p(95)<5000": false
            }
        },
        "http_req_duration{expected_response:true}": {
            "max": 241.695096,
            "p(90)": 72.92601410000002,
            "p(95)": 94.67486444999996,
            "p(99)": 172.06719899999982,
            "avg": 27.664060590669468,
            "min": 2.020946,
            "med": 12.8027205
        },
        "ws_session_duration": {
            "avg": 2367.2597451097345,
            "min": 145.499794,
            "med": 2347.8073400000003,
            "max": 3304.497784,
            "p(90)": 2635.3974582,
            "p(95)": 2800.6154639999995,
            "p(99)": 3100.7784945499966
        },
        "http_req_connecting": {
            "avg": 0.028767718614383115,
            "min": 0,
            "med": 0,
            "max": 14.025885,
            "p(90)": 0,
            "p(95)": 0,
            "p(99)": 0.5178072799999993
        },
        "http_req_blocked": {
            "p(90)": 0.027391900000000007,
            "p(95)": 0.0732260499999994,
            "p(99)": 0.8218543999999993,
            "avg": 0.058769487058276004,
            "min": 0.004173,
            "med": 0.016641,
            "max": 14.168182
        },
        "ws_connecting": {
            "max": 3171.529565,
            "p(90)": 2496.6991069,
            "p(95)": 2642.2194300999995,
            "p(99)": 2944.6567242999995,
            "avg": 2218.3999064944255,
            "min": 14.821702,
            "med": 2199.2248154999997
        },
        "checks": {
            "passes": 25808,
            "fails": 0,
            "value": 1
        },
        "iterations": {
            "count": 12904,
            "rate": 207.3740303836555
        },
        "http_req_waiting": {
            "med": 12.510224000000001,
            "max": 241.432407,
            "p(90)": 72.63043870000004,
            "p(95)": 94.17446374999996,
            "p(99)": 171.43652381999996,
            "avg": 27.38152778657776,
            "min": 1.867298
        },
        "ws_msgs_received": {
            "count": 12904,
            "rate": 207.3740303836555
        },
        "join_errors": {
            "count": 0,
            "rate": 0,
            "thresholds": {
                "count<10": false
            }
        },
        "ws_msgs_sent": {
            "count": 12904,
            "rate": 207.3740303836555
        },
        "http_reqs": {
            "rate": 207.3740303836555,
            "count": 12904
        },
        "http_req_sending": {
            "p(99)": 0.4717310499999963,
            "avg": 0.08661444916305014,
            "min": 0.01553,
            "med": 0.06375800000000001,
            "max": 17.700955,
            "p(90)": 0.1047918,
            "p(95)": 0.1420815999999997
        },
        "http_req_failed": {
            "passes": 0,
            "fails": 12904,
            "thresholds": {
                "rate<0.05": false
            },
            "value": 0
        },
        "vus": {
            "value": 104,
            "min": 0,
            "max": 500
        },
        "http_req_duration": {
            "med": 12.8027205,
            "max": 241.695096,
            "p(90)": 72.92601410000002,
            "p(95)": 94.67486444999996,
            "p(99)": 172.06719899999982,
            "avg": 27.664060590669468,
            "min": 2.020946,
            "thresholds": {
                "p(95)<500": false
            }
        },
        "http_req_tls_handshaking": {
            "p(99)": 0,
            "avg": 0,
            "min": 0,
            "med": 0,
            "max": 0,
            "p(90)": 0,
            "p(95)": 0
        },
        "http_req_receiving": {
            "p(95)": 0.3613123999999997,
            "p(99)": 1.0134059599999985,
            "avg": 0.19591835492870469,
            "min": 0.028839,
            "med": 0.15717399999999998,
            "max": 5.837963,
            "p(90)": 0.2542505
        }
    }
}