{
  "broker": "nats",
  "test_start": 1780629232,
  "test_end": 1780629297,
  "step_seconds": 2,
  "hop1_latency_ms": {
    "p50": [[1780629232,"0"],[1780629234,"0"],[1780629236,"0"],[1780629238,"3.6231884057971016"],[1780629240,"3.8579234972677594"],[1780629242,"3.9657534246575343"],[1780629244,"3.9056603773584904"],[1780629246,"4.040100250626566"],[1780629248,"4.2265625"],[1780629250,"4.319488817891374"],[1780629252,"4.329829172141919"],[1780629254,"4.342251950947603"],[1780629256,"4.27072927072927"],[1780629258,"4.313566936208446"],[1780629260,"4.298711755233494"],[1780629262,"4.3561046511627906"],[1780629264,"4.388774811772758"],[1780629266,"4.378481012658228"],[1780629268,"4.389820359281437"],[1780629270,"4.480877390326209"],[1780629272,"4.4753053637812"],[1780629274,"4.494994994994995"],[1780629276,"4.504708097928437"],[1780629278,"4.49820788530466"],[1780629280,"4.500641299700726"],[1780629282,"4.4719147191471915"],[1780629284,"4.434970530451866"],[1780629286,"4.422801057002642"],[1780629288,"4.463396226415094"],[1780629290,"4.43702906350915"],[1780629292,"4.411805315843976"],[1780629294,"4.428523936170213"],[1780629296,"4.42219387755102"]],
    "p95": [[1780629232,"0"],[1780629234,"0"],[1780629236,"0"],[1780629238,"14.237499999999997"],[1780629240,"10.958823529411761"],[1780629242,"12.217647058823518"],[1780629244,"11.411428571428575"],[1780629246,"11.761999999999999"],[1780629248,"11.767647058823528"],[1780629250,"11.685365853658535"],[1780629252,"11.55168539325842"],[1780629254,"11.50188679245283"],[1780629256,"11.306956521739124"],[1780629258,"11.368148148148148"],[1780629260,"11.385211267605627"],[1780629262,"11.341666666666661"],[1780629264,"11.708928571428574"],[1780629266,"11.710795454545456"],[1780629268,"11.76117021276595"],[1780629270,"12.041717791411038"],[1780629272,"12.018965517241375"],[1780629274,"11.976016260162595"],[1780629276,"11.895075757575755"],[1780629278,"11.98434163701067"],[1780629280,"11.98873720136519"],[1780629282,"12.052702702702707"],[1780629284,"11.951874999999996"],[1780629286,"11.928181818181816"],[1780629288,"11.97382352941176"],[1780629290,"11.944347826086954"],[1780629292,"11.856619718309855"],[1780629294,"11.940691489361704"],[1780629296,"11.890839694656485"]],
    "p99": [[1780629232,"0"],[1780629234,"0"],[1780629236,"0"],[1780629238,"18.99333333333334"],[1780629240,"15.810000000000002"],[1780629242,"17.58499999999998"],[1780629244,"16.310000000000002"],[1780629246,"16.361999999999988"],[1780629248,"16.55692307692306"],[1780629250,"16.343529411764713"],[1780629252,"16.389999999999972"],[1780629254,"16.170526315789463"],[1780629256,"15.85885714285713"],[1780629258,"15.869999999999978"],[1780629260,"16.45499999999999"],[1780629262,"16.333103448275857"],[1780629264,"17.032903225806464"],[1780629266,"16.968400000000003"],[1780629268,"17.183428571428575"],[1780629270,"17.88315789473683"],[1780629272,"17.811219512195127"],[1780629274,"17.690952380952393"],[1780629276,"17.540930232558146"],[1780629278,"17.688163265306144"],[1780629280,"17.734800000000032"],[1780629282,"18.05396521739129"],[1780629284,"17.883703703703727"],[1780629286,"17.741403508771903"],[1780629288,"17.78677966101692"],[1780629290,"17.98933333333334"],[1780629292,"17.87245901639346"],[1780629294,"17.95731343283581"],[1780629296,"17.820579710144912"]]
  },
  "hop2_latency_ms": {
    "p50": [[1780629232,"0"],[1780629234,"0"],[1780629236,"19.666666666666668"],[1780629238,"9.4"],[1780629240,"8.333333333333334"],[1780629242,"7.827586206896552"],[1780629244,"7.388059701492537"],[1780629246,"7.38125"],[1780629248,"7.12621359223301"],[1780629250,"6.869127516778524"],[1780629252,"6.83768115942029"],[1780629254,"6.805699481865285"],[1780629256,"6.720454545454546"],[1780629258,"6.65979381443299"],[1780629260,"6.651600753295669"],[1780629262,"6.63103448275862"],[1780629264,"6.664526484751204"],[1780629266,"6.664156626506024"],[1780629268,"6.672778561354019"],[1780629270,"6.665782493368701"],[1780629272,"6.69171974522293"],[1780629274,"6.648681055155875"],[1780629276,"6.615558060879369"],[1780629278,"6.676756756756757"],[1780629280,"6.621649484536082"],[1780629282,"6.595660749506903"],[1780629284,"6.576222435282838"],[1780629286,"6.52014652014652"],[1780629288,"6.434463794683777"],[1780629290,"6.4382222222222225"],[1780629292,"6.421367521367522"],[1780629294,"6.4026512013256"],[1780629296,"6.39297124600639"]],
    "p95": [[1780629232,"0"],[1780629234,"0"],[1780629236,"28.2"],[1780629238,"23.299999999999983"],[1780629240,"24.079999999999995"],[1780629242,"22.618181818181814"],[1780629244,"21.05999999999999"],[1780629246,"20.643478260869564"],[1780629248,"20.039130434782614"],[1780629250,"19.056521739130424"],[1780629252,"18.25"],[1780629254,"17.573333333333327"],[1780629256,"16.91363636363636"],[1780629258,"16.55531914893616"],[1780629260,"16.099999999999998"],[1780629262,"15.886363636363637"],[1780629264,"16.058620689655164"],[1780629266,"15.871428571428565"],[1780629268,"15.771794871794869"],[1780629270,"15.573749999999995"],[1780629272,"15.678021978021976"],[1780629274,"15.682653061224485"],[1780629276,"15.611881188118804"],[1780629278,"15.74594594594594"],[1780629280,"15.631578947368421"],[1780629282,"15.495652173913044"],[1780629284,"15.33965517241379"],[1780629286,"15.190677966101696"],[1780629288,"14.622424242424236"],[1780629290,"14.630769230769232"],[1780629292,"14.606779661016947"],[1780629294,"14.607936507936506"],[1780629296,"14.568205128205124"]],
    "p99": [[1780629232,"0"],[1780629234,"0"],[1780629236,"29"],[1780629238,"28.77333333333333"],[1780629240,"31.626666666666665"],[1780629242,"31.27199999999998"],[1780629244,"30.396000000000004"],[1780629246,"29.589999999999975"],[1780629248,"28.996000000000002"],[1780629250,"28.092000000000006"],[1780629252,"27.485714285714298"],[1780629254,"26.807999999999993"],[1780629256,"25.977142857142876"],[1780629258,"25.345714285714298"],[1780629260,"24.76750000000004"],[1780629262,"24.212499999999977"],[1780629264,"24.342222222222215"],[1780629266,"23.913333333333362"],[1780629268,"23.671111111111106"],[1780629270,"23.175555555555547"],[1780629272,"22.91411764705882"],[1780629274,"22.775294117647075"],[1780629276,"22.527058823529416"],[1780629278,"22.94526315789469"],[1780629280,"22.71578947368423"],[1780629282,"22.494736842105244"],[1780629284,"22.27789473684214"],[1780629286,"22.047368421052614"],[1780629288,"20.77249999999996"],[1780629290,"20.92999999999999"],[1780629292,"20.787200000000013"],[1780629294,"20.61519999999997"],[1780629296,"20.459999999999965"]]
  },
  "throughput_per_second": [[1780629232,"0"],[1780629234,"0"],[1780629236,"0"],[1780629238,"1.706896551724138"],[1780629240,"4.362068965517241"],[1780629242,"7.6034482758620685"],[1780629244,"10.982758620689655"],[1780629246,"14.344827586206897"],[1780629248,"18"],[1780629250,"21.603448275862068"],[1780629252,"25.413793103448274"],[1780629254,"29.189655172413794"],[1780629256,"32.724137931034484"],[1780629258,"36.39655172413793"],[1780629260,"40.189655172413794"],[1780629262,"44.08620689655172"],[1780629264,"47.39655172413793"],[1780629266,"50.672413793103445"],[1780629268,"54.12068965517241"],[1780629270,"57.94827586206897"],[1780629272,"61.51724137931034"],[1780629274,"65.06896551724138"],[1780629276,"68.84482758620689"],[1780629278,"72.53448275862068"],[1780629280,"75.9655172413793"],[1780629282,"79.67241379310344"],[1780629284,"83.3103448275862"],[1780629286,"86.94827586206897"],[1780629288,"90.51724137931035"],[1780629290,"94.43103448275862"],[1780629292,"97.93103448275862"],[1780629294,"101.84482758620689"],[1780629296,"104.24137931034483"]],