{
  "broker": "nats",
  "collected_at": "2026-06-05T03:17:51Z",
  "hop1_latency_ms": {
    "p50": 4.264511873350924,
    "p90": 9.597304582210244,
    "p95": 11.833999999999996,
    "p99": 17.550344827586176
  },
  "hop2_latency_ms": {
    "p50": 6.093023255813954,
    "p90": 11.66735751295337,
    "p95": 13.700877192982453,
    "p99": 18.427142857142826
  },
  "throughput": {
    "matches_per_second": 60.172413793103445,
    "join_requests_per_second": 120.29310344827586
  },
  "broker_resources": {
    "cpu_percent": 9.709596822930164,
    "memory_mb": 27.65
  }
}
