{
    "root_group": {
        "groups": {},
        "checks": {
                "join: status 202": {
                    "name": "join: status 202",
                    "path": "::join: status 202",
                    "id": "ccc44eb3c695dc4a3cbba6880c142f20",
                    "passes": 13932,
                    "fails": 10
                },
                "ws: connected": {
                    "name": "ws: connected",
                    "path": "::ws: connected",
                    "id": "8ae4f02789e322983612bd1563e87146",
                    "passes": 13942,
                    "fails": 98
                }
            },
        "name": "",
        "path": "",
        "id": "d41d8cd98f00b204e9800998ecf8427e"
    },
    "metrics": {
        "data_received": {
            "rate": 151926.23078455133,
            "count": 12900990
        },
        "vus": {
            "value": 2,
            "min": 0,
            "max": 1000
        },
        "http_req_duration{expected_response:true}": {
            "avg": 59.009046225955,
            "min": 1.966916,
            "med": 15.437975,
            "max": 1485.222876,
            "p(90)": 95.2633834,
            "p(95)": 181.95290179999935,
            "p(99)": 1045.0357230800005
        },
        "http_reqs": {
            "count": 13942,
            "rate": 164.1855012365884
        },
        "http_req_blocked": {
            "p(99)": 2.04171346,
            "avg": 0.16672102890546475,
            "min": 0.004018,
            "med": 0.0171855,
            "max": 26.470775,
            "p(90)": 0.5548805,
            "p(95)": 0.7364178499999997
        },
        "data_sent": {
            "count": 13365629,
            "rate": 157397.96992592755
        },
        "e2e_latency_ms": {
            "avg": 80.6678868791272,
            "min": 7,
            "med": 35,
            "max": 3082,
            "p(90)": 118,
            "p(95)": 231.4499999999989,
            "p(99)": 1072.380000000001,
            "thresholds": {
                "p(95)<5000": false
            }
        },
        "join_errors": {
            "count": 10,
            "rate": 0.11776323428244757,
            "thresholds": {
                "count<10": true
            }
        },
        "vus_max": {
            "min": 230,
            "max": 1000,
            "value": 1000
        },
        "http_req_connecting": {
            "med": 0,
            "max": 26.342557,
            "p(90)": 0.3728739999999998,
            "p(95)": 0.49351635,
            "p(99)": 1.6335301700000007,
            "avg": 0.11220340424616276,
            "min": 0
        },
        "http_req_receiving": {
            "p(95)": 0.3957639499999988,
            "p(99)": 1.1472660300000006,
            "avg": 0.20151070951083042,
            "min": 0,
            "med": 0.155947,
            "max": 11.836549,
            "p(90)": 0.2639522
        },
        "ws_session_duration": {
            "avg": 4463.079812084343,
            "min": 870.606901,
            "med": 2710.9455755,
            "max": 60018.943713,
            "p(90)": 6553.5375844,
            "p(95)": 9874.833155049999,
            "p(99)": 38849.842970680045
        },
        "ws_sessions": {
            "count": 14040,
            "rate": 165.3395809325564
        },
        "ws_connecting": {
            "max": 60018.840816,
            "p(90)": 6352.038425000001,
            "p(95)": 9699.06742525,
            "p(99)": 38613.892845530005,
            "avg": 4282.172641744296,
            "min": 114.922078,
            "med": 2542.0654235
        },
        "http_req_tls_handshaking": {
            "med": 0,
            "max": 0,
            "p(90)": 0,
            "p(95)": 0,
            "p(99)": 0,
            "avg": 0,
            "min": 0
        },
        "iterations": {
            "count": 14040,
            "rate": 165.3395809325564
        },
        "ws_msgs_sent": {
            "count": 13942,
            "rate": 164.1855012365884
        },
        "http_req_sending": {
            "avg": 0.0946328153062688,
            "min": 0.013584,
            "med": 0.06598200000000001,
            "max": 13.103102,
            "p(90)": 0.14027939999999997,
            "p(95)": 0.1825124,
            "p(99)": 0.6148336900000003
        },
        "ws_msgs_received": {
            "count": 13932,
            "rate": 164.06773800230596
        },
        "iteration_duration": {
            "avg": 4463.4759653328965,
            "min": 870.923998,
            "med": 2711.138253,
            "max": 60024.474538,
            "p(90)": 6553.7626396000005,
            "p(95)": 9875.037331049998,
            "p(99)": 38850.095478650044
        },
        "match_timeouts": {
            "rate": 0,
            "count": 0,
            "thresholds": {
                "count<10": false
            }
        },
        "http_req_failed": {
            "passes": 10,
            "fails": 13932,
            "thresholds": {
                "rate<0.05": false
            },
            "value": 0.0007172572084349448
        },
        "checks": {
            "passes": 27874,
            "fails": 108,
            "value": 0.9961403759559717
        },
        "http_req_duration": {
            "med": 15.4254325,
            "max": 1485.222876,
            "p(90)": 95.22483009999998,
            "p(95)": 181.67926894999982,
            "p(99)": 1044.9755998800001,
            "avg": 58.977674058958904,
            "min": 1.139211,
            "thresholds": {
                "p(95)<500": false
            }
        },
        "http_req_waiting": {
            "p(99)": 1044.667763,
            "avg": 58.68153053414136,
            "min": 0.925624,
            "med": 15.079739,
            "max": 1484.828055,
            "p(90)": 94.980791,
            "p(95)": 181.39338824999984
        }
    }
}