{
  "broker": "nats",
  "test_start": 1780629375,
  "test_end": 1780629465,
  "step_seconds": 2,
  "hop1_latency_ms": {
    "p50": [[1780629375,"0"],[1780629377,"0"],[1780629379,"0"],[1780629381,"3.7073170731707314"],[1780629383,"3.9655172413793105"],[1780629385,"3.815856777493606"],[1780629387,"3.7137745974955276"],[1780629389,"3.7418478260869565"],[1780629391,"3.8840749414519906"],[1780629393,"3.9840637450199203"],[1780629395,"3.9965870307167233"],[1780629397,"4.0029615004935835"],[1780629399,"4.032201914708442"],[1780629401,"4.038461538461538"],[1780629403,"4.094218415417559"],[1780629405,"4.108355091383812"],[1780629407,"4.11084191399152"],[1780629409,"4.102892102335929"],[1780629411,"4.191069574247145"],[1780629413,"4.2317429406037"],[1780629415,"4.243418013856813"],[1780629417,"4.242957746478873"],[1780629419,"4.248857498961363"],[1780629421,"4.2574493444576875"],[1780629423,"4.287068638604475"],[1780629425,"4.2957283680175244"],[1780629427,"4.326216310815541"],[1780629429,"4.270234113712375"],[1780629431,"4.304536357571714"],[1780629433,"4.2963081861958266"],[1780629435,"4.291537986411365"],[1780629437,"4.288191330343797"],[1780629439,"4.295599305153445"],[1780629441,"4.317011751538892"],[1780629443,"4.350450150050016"],[1780629445,"4.324280104712042"],[1780629447,"4.321136883371447"],[1780629449,"4.32015681149951"],[1780629451,"4.32015681149951"],[1780629453,"4.319503430251552"],[1780629455,"4.392382639503986"],[1780629457,"4.387096774193548"],[1780629459,"4.385771100309324"],[1780629461,"4.385329209014582"],[1780629463,"4.385329209014582"],[1780629465,"4.384887317719841"]],
    "p95": [[1780629375,"0"],[1780629377,"0"],[1780629379,"0"],[1780629381,"6.299999999999997"],[1780629383,"8.56086956521739"],[1780629385,"8.139473684210525"],[1780629387,"7.931645569620252"],[1780629389,"8.090909090909092"],[1780629391,"9.10909090909091"],[1780629393,"9.82298850574712"],[1780629395,"10.162222222222216"],[1780629397,"10.20796460176991"],[1780629399,"10.017073170731702"],[1780629401,"9.909693877551017"],[1780629403,"10.196855345911946"],[1780629405,"10.127745664739887"],[1780629407,"10.134895833333331"],[1780629409,"9.98433333333333"],[1780629411,"10.25446808510638"],[1780629413,"10.469811320754717"],[1780629415,"10.613684210526314"],[1780629417,"10.643564356435643"],[1780629419,"10.631888544891636"],[1780629421,"10.70028169014084"],[1780629423,"10.793157894736837"],[1780629425,"10.920895522388061"],[1780629427,"10.987935034802783"],[1780629429,"10.90711009174312"],[1780629431,"11.139175257731958"],[1780629433,"11.119016393442621"],[1780629435,"11.114551083591332"],[1780629437,"11.2"],[1780629439,"11.166295264623948"],[1780629441,"11.205835543766574"],[1780629443,"11.37994100294985"],[1780629445,"11.374561403508768"],[1780629447,"11.369590643274847"],[1780629449,"11.368713450292393"],[1780629451,"11.368713450292393"],[1780629453,"11.368128654970754"],[1780629455,"11.765753424657529"],[1780629457,"11.758561643835616"],[1780629459,"11.75753424657534"],[1780629461,"11.757191780821913"],[1780629463,"11.757191780821913"],[1780629465,"11.756849315068493"]],
    "p99": [[1780629375,"0"],[1780629377,"0"],[1780629379,"0"],[1780629381,"25.810000000000038"],[1780629383,"12.794999999999987"],[1780629385,"11.264999999999986"],[1780629387,"10.776666666666662"],[1780629389,"11.059999999999992"],[1780629391,"13.633333333333338"],[1780629393,"16.240000000000084"],[1780629395,"15.886000000000013"],[1780629397,"15.54583333333335"],[1780629399,"15.121000000000004"],[1780629401,"14.672272727272768"],[1780629403,"15.635312499999998"],[1780629405,"15.550312499999992"],[1780629407,"15.245999999999974"],[1780629409,"14.952500000000024"],[1780629411,"15.077894736842083"],[1780629413,"15.302173913043472"],[1780629415,"15.576538461538455"],[1780629417,"15.603571428571417"],[1780629419,"15.475312499999974"],[1780629421,"15.574400000000026"],[1780629423,"15.68714285714285"],[1780629425,"16.10300000000002"],[1780629427,"16.04699999999998"],[1780629429,"15.931666666666692"],[1780629431,"16.559649122807045"],[1780629433,"16.50949152542375"],[1780629435,"16.366666666666667"],[1780629437,"16.445161290322556"],[1780629439,"16.30548387096772"],[1780629441,"16.271515151515125"],[1780629443,"16.314576271186464"],[1780629445,"16.368571428571446"],[1780629447,"16.36317460317462"],[1780629449,"16.36222222222222"],[1780629451,"16.36222222222222"],[1780629453,"16.36158730158728"],[1780629455,"16.834909090909058"],[1780629457,"16.827272727272728"],[1780629459,"16.826181818181794"],[1780629461,"16.82581818181815"],[1780629463,"16.82581818181815"],[1780629465,"16.825454545454573"]]
  },
  "hop2_latency_ms": {
    "p50": [[1780629375,"0"],[1780629377,"0"],[1780629379,"0"],[1780629381,"0"],[1780629383,"54"],[1780629385,"12.125"],[1780629387,"9.53191489361702"],[1780629389,"7.96039603960396"],[1780629391,"7.291044776119403"],[1780629393,"7.146341463414634"],[1780629395,"6.815094339622641"],[1780629397,"6.377300613496932"],[1780629399,"6.2838196286472146"],[1780629401,"6.17169373549884"],[1780629403,"6.162162162162162"],[1780629405,"6.07074569789675"],[1780629407,"6.025817555938038"],[1780629409,"6.0269413629160065"],[1780629411,"5.968641114982578"],[1780629413,"5.974468085106383"],[1780629415,"6.0457433290978395"],[1780629417,"6.054545454545455"],[1780629419,"6.011547344110855"],[1780629421,"6"],[1780629423,"6.054507337526205"],[1780629425,"6.0681362725450905"],[1780629427,"6.067426400759734"],[1780629429,"6.048313582497721"],[1780629431,"5.9793246037215715"],[1780629433,"5.901960784313726"],[1780629435,"5.93798955613577"],[1780629437,"5.948427672955975"],[1780629439,"5.9523809523809526"],[1780629441,"5.946312684365782"],[1780629443,"5.9908204245553645"],[1780629445,"5.954514128187457"],[1780629447,"5.944444444444445"],[1780629449,"5.943072702331961"],[1780629451,"5.94238683127572"],[1780629453,"5.941700960219479"],[1780629455,"5.939643347050755"],[1780629457,"6.046067415730337"],[1780629459,"6.043820224719101"],[1780629461,"6.043820224719101"],[1780629463,"6.043820224719101"],[1780629465,"6.042696629213483"]],
    "p95": [[1780629375,"0"],[1780629377,"0"],[1780629379,"0"],[1780629381,"0"],[1780629383,"541.0999999999999"],[1780629385,"455.39999999999986"],[1780629387,"362.6499999999994"],[1780629389,"244.79999999999973"],[1780629391,"142"],[1780629393,"78.4"],[1780629395,"35.69999999999982"],[1780629397,"24.58888888888886"],[1780629399,"21.76666666666665"],[1780629401,"19.670476190476155"],[1780629403,"18.265000000000008"],[1780629405,"17.44838709677418"],[1780629407,"16.764999999999986"],[1780629409,"16.319512195121938"],[1780629411,"16.088095238095235"],[1780629413,"15.644444444444431"],[1780629415,"15.468965517241376"],[1780629417,"15.590476190476188"],[1780629419,"15.396969696969695"],[1780629421,"15.083823529411761"],[1780629423,"15.086249999999996"],[1780629425,"15.210465116279074"],[1780629427,"15.027586206896547"],[1780629429,"14.895833333333334"],[1780629431,"14.692561983471068"],[1780629433,"13.496226415094338"],[1780629435,"13.513714285714284"],[1780629437,"13.473333333333327"],[1780629439,"13.392592592592587"],[1780629441,"13.453333333333331"],[1780629443,"13.496097560975604"],[1780629445,"13.312290502793294"],[1780629447,"13.293296089385475"],[1780629449,"13.292178770949716"],[1780629451,"13.291620111731838"],[1780629453,"13.291061452513969"],[1780629455,"13.289385474860332"],[1780629457,"13.581999999999995"],[1780629459,"13.580666666666662"],[1780629461,"13.580666666666662"],[1780629463,"13.580666666666662"],[1780629465,"13.58"]],