{
  "broker": "nats",
  "collected_at": "2026-06-05T03:20:47Z",
  "hop1_latency_ms": {
    "p50": 4.543478260869565,
    "p90": 10.104109589041094,
    "p95": 13.769117647058813,
    "p99": 25.69761904761901
  },
  "hop2_latency_ms": {
    "p50": 6.405325443786983,
    "p90": 12.997872340425534,
    "p95": 15.753409090909082,
    "p99": 23.909411764705883
  },
  "throughput": {
    "matches_per_second": 50.05172413793103,
    "join_requests_per_second": 100.10344827586206
  },
  "broker_resources": {
    "cpu_percent": 7.848800031162606,
    "memory_mb": 27.00
  }
}
