{
    "metrics": {
        "iteration_duration": {
            "max": 60056.103902,
            "p(90)": 10513.844133699999,
            "p(95)": 29542.9034703,
            "p(99)": 60000.99194048,
            "avg": 6614.298576094452,
            "min": 664.729888,
            "med": 3518.10349
        },
        "ws_sessions": {
            "count": 14493,
            "rate": 161.03096262476618
        },
        "http_req_receiving": {
            "p(99)": 1.2217730799999997,
            "avg": 0.20721277151866957,
            "min": 0,
            "med": 0.157914,
            "max": 10.260232,
            "p(90)": 0.27814540000000015,
            "p(95)": 0.4294166
        },
        "http_req_duration{expected_response:true}": {
            "avg": 168.076572312701,
            "min": 1.915357,
            "med": 16.370047,
            "max": 2720.869769,
            "p(90)": 156.56273320000025,
            "p(95)": 1726.7802077,
            "p(99)": 2466.60483152
        },
        "checks": {
            "passes": 27895,
            "fails": 550,
            "value": 0.9806644401476534
        },
        "http_req_duration": {
            "p(90)": 156.35502300000005,
            "p(95)": 1726.6670411999999,
            "p(99)": 2466.4785671199998,
            "avg": 168.00902294244895,
            "min": 1.915357,
            "med": 16.376101,
            "max": 2720.869769,
            "thresholds": {
                "p(95)<500": true
            }
        },
        "vus_max": {
            "value": 1500,
            "min": 216,
            "max": 1500
        },
        "http_req_connecting": {
            "p(95)": 0.7198567999999995,
            "p(99)": 2.2507381599999947,
            "avg": 0.17014777438543666,
            "min": 0,
            "med": 0,
            "max": 37.323409,
            "p(90)": 0.43240800000000024
        },
        "ws_session_duration": {
            "med": 3517.9014765,
            "max": 60055.883806,
            "p(90)": 10513.6422295,
            "p(95)": 29542.708634149996,
            "p(99)": 60000.74055355,
            "avg": 6614.008307572428,
            "min": 664.479116
        },
        "iterations": {
            "count": 14492,
            "rate": 161.01985167723117
        },
        "http_req_sending": {
            "p(90)": 0.1493578,
            "p(95)": 0.19975859999999993,
            "p(99)": 0.7499179199999961,
            "avg": 0.10590735275567961,
            "min": 0.015971,
            "med": 0.06957,
            "max": 16.636355
        },
        "ws_msgs_received": {
            "count": 13942,
            "rate": 154.90883053298074
        },
        "http_req_waiting": {
            "avg": 167.69590281817455,
            "min": 1.686391,
            "med": 16.057426,
            "max": 2720.609838,
            "p(90)": 155.9493108000001,
            "p(95)": 1726.4663205999998,
            "p(99)": 2466.2365890799997
        },
        "ws_msgs_sent": {
            "count": 13953,
            "rate": 155.03105095586577
        },
        "data_sent": {
            "rate": 150822.9017974071,
            "count": 13574261
        },
        "e2e_latency_ms": {
            "p(95)": 1748.8999999999978,
            "p(99)": 2488.59,
            "avg": 190.57194089800603,
            "min": 8,
            "med": 38,
            "max": 4113,
            "p(90)": 196,
            "thresholds": {
                "p(95)<5000": false
            }
        },
        "http_req_failed": {
            "passes": 10,
            "fails": 13943,
            "thresholds": {
                "rate<0.05": false
            },
            "value": 0.0007166917508779474
        },
        "match_timeouts": {
            "count": 0,
            "rate": 0,
            "thresholds": {
                "count<10": false
            }
        },
        "vus": {
            "value": 1,
            "min": 0,
            "max": 1500
        },
        "http_req_tls_handshaking": {
            "p(95)": 0,
            "p(99)": 0,
            "avg": 0,
            "min": 0,
            "med": 0,
            "max": 0,
            "p(90)": 0
        },
        "join_errors": {
            "count": 10,
            "rate": 0.11110947535000772,
            "thresholds": {
                "count<10": true
            }
        },
        "http_reqs": {
            "count": 13953,
            "rate": 155.03105095586577
        },
        "http_req_blocked": {
            "max": 37.517243,
            "p(90)": 0.642642,
            "p(95)": 1.011370599999999,
            "p(99)": 2.738841079999994,
            "avg": 0.2402729930480898,
            "min": 0.005139,
            "med": 0.018014
        },
        "data_received": {
            "count": 12909994,
            "rate": 143442.26601117474
        },
        "ws_connecting": {
            "p(90)": 10360.956284000002,
            "p(95)": 29531.888050999998,
            "p(99)": 60000.593342199994,
            "avg": 6336.117029762925,
            "min": 75.6185,
            "med": 3302.380132,
            "max": 60006.473531
        }
    },
    "root_group": {
        "id": "d41d8cd98f00b204e9800998ecf8427e",
        "groups": {},
        "checks": {
                "join: status 202": {
                    "name": "join: status 202",
                    "path": "::join: status 202",
                    "id": "ccc44eb3c695dc4a3cbba6880c142f20",
                    "passes": 13943,
                    "fails": 10
                },
                "ws: connected": {
                    "name": "ws: connected",
                    "path": "::ws: connected",
                    "id": "8ae4f02789e322983612bd1563e87146",
                    "passes": 13952,
                    "fails": 540
                }
            },
        "name": "",
        "path": ""
    }
}