{
  "broker": "nats",
  "test_start": 1780629543,
  "test_end": 1780629641,
  "step_seconds": 2,
  "hop1_latency_ms": {
    "p50": [[1780629543,"0"],[1780629545,"0"],[1780629547,"0"],[1780629549,"0"],[1780629551,"3.857142857142857"],[1780629553,"4.007246376811594"],[1780629555,"3.9093333333333335"],[1780629557,"3.946826758147513"],[1780629559,"4.121317157712305"],[1780629561,"4.082251082251083"],[1780629563,"4.063882063882064"],[1780629565,"4.03862660944206"],[1780629567,"3.9833212472806383"],[1780629569,"4.036225779275484"],[1780629571,"4.08678955453149"],[1780629573,"4.113194444444445"],[1780629575,"4.148936170212766"],[1780629577,"4.1502375296912115"],[1780629579,"4.198993851313583"],[1780629581,"4.21387881926463"],[1780629583,"4.25085910652921"],[1780629585,"4.273064441353732"],[1780629587,"4.3107747105966165"],[1780629589,"4.324027072758037"],[1780629591,"4.32834613829357"],[1780629593,"4.339651837524178"],[1780629595,"4.354383358098068"],[1780629597,"4.370238519045924"],[1780629599,"4.396852548751283"],[1780629601,"4.423952490927086"],[1780629603,"4.429667519181586"],[1780629605,"4.4145061728395065"],[1780629607,"4.412168207575306"],[1780629609,"4.4056305659293304"],[1780629611,"4.514132379248658"],[1780629613,"4.531432497423566"],[1780629615,"4.515542328042328"],[1780629617,"4.521468371025893"],[1780629619,"4.5180091683038635"],[1780629621,"4.510124101894187"],[1780629623,"4.596559139784946"],[1780629625,"4.5915735167669816"],[1780629627,"4.588917525773196"],[1780629629,"4.585334476843911"],[1780629631,"4.585334476843911"],[1780629633,"4.580521144809911"],[1780629635,"4.544740024183797"],[1780629637,"4.544740024183797"],[1780629639,"4.543478260869565"],[1780629641,"4.543478260869565"]],
    "p95": [[1780629543,"0"],[1780629545,"0"],[1780629547,"0"],[1780629549,"0"],[1780629551,"6.85"],[1780629553,"8.508333333333331"],[1780629555,"7.989473684210524"],[1780629557,"8.441379310344827"],[1780629559,"8.954629629629629"],[1780629561,"9.350632911392402"],[1780629563,"9.270408163265307"],[1780629565,"9.405309734513276"],[1780629567,"9.264516129032252"],[1780629569,"9.668987341772151"],[1780629571,"9.864210526315789"],[1780629573,"10.083199999999998"],[1780629575,"10.327027027027025"],[1780629577,"10.281987577639748"],[1780629579,"10.78988764044944"],[1780629581,"10.793908629441622"],[1780629583,"10.964601769911503"],[1780629585,"11.037278106508872"],[1780629587,"11.597740112994346"],[1780629589,"11.466844919786093"],[1780629591,"11.440499999999993"],[1780629593,"11.533027522935782"],[1780629595,"11.649561403508766"],[1780629597,"11.596031746031748"],[1780629599,"11.773090909090904"],[1780629601,"11.776206896551718"],[1780629603,"12.212757201646093"],[1780629605,"12.199604743083004"],[1780629607,"12.112595419847327"],[1780629609,"12.137226277372257"],[1780629611,"12.880740740740737"],[1780629613,"12.810791366906466"],[1780629615,"12.925964912280694"],[1780629617,"12.912413793103443"],[1780629619,"12.90137931034482"],[1780629621,"12.889655172413793"],[1780629623,"13.37261904761904"],[1780629625,"13.365476190476178"],[1780629627,"13.361309523809528"],[1780629629,"13.352380952380956"],[1780629631,"13.352380952380956"],[1780629633,"13.334523809523814"],[1780629635,"12.916265060240955"],[1780629637,"12.916265060240955"],[1780629639,"12.91385542168674"],[1780629641,"12.91385542168674"]],
    "p99": [[1780629543,"0"],[1780629545,"0"],[1780629547,"0"],[1780629549,"0"],[1780629551,"7"],[1780629553,"14.80000000000004"],[1780629555,"10.655000000000001"],[1780629557,"14.25333333333333"],[1780629559,"14.001999999999999"],[1780629561,"14.395384615384641"],[1780629563,"13.818750000000023"],[1780629565,"14.664000000000003"],[1780629567,"14.33066666666667"],[1780629569,"15.585555555555553"],[1780629571,"15.801818181818156"],[1780629573,"16.584736842105258"],[1780629575,"16.334000000000014"],[1780629577,"16.012727272727304"],[1780629579,"17.640000000000025"],[1780629581,"17.673999999999978"],[1780629583,"17.669565217391288"],[1780629585,"17.46148148148145"],[1780629587,"21.098514285714316"],[1780629589,"20.73995535714287"],[1780629591,"20.257812499999943"],[1780629593,"20.0245535714285"],[1780629595,"20.016021303258167"],[1780629597,"19.785461538461583"],[1780629599,"19.717786561264845"],[1780629601,"19.67628458498022"],[1780629603,"22.09139393939395"],[1780629605,"22.00113636363635"],[1780629607,"21.28181818181805"],[1780629609,"20.899076923076958"],[1780629611,"22.524897959183697"],[1780629613,"22.164383116883126"],[1780629615,"22.978701298701306"],[1780629617,"23.13234221598882"],[1780629619,"23.1094530154277"],[1780629621,"23.085133239831748"],[1780629623,"24.56626666666663"],[1780629625,"24.557066666666707"],[1780629627,"24.551700000000064"],[1780629629,"24.540199999999952"],[1780629631,"24.54697142857138"],[1780629633,"24.523828571428577"],[1780629635,"21.90136363636359"],[1780629637,"21.90136363636359"],[1780629639,"21.89590909090905"],[1780629641,"21.89590909090905"]]
  },
  "hop2_latency_ms": {
    "p50": [[1780629543,"0"],[1780629545,"0"],[1780629547,"0"],[1780629549,"0"],[1780629551,"0"],[1780629553,"24"],[1780629555,"8.432432432432432"],[1780629557,"7.033333333333333"],[1780629559,"7.079710144927536"],[1780629561,"6.912133891213389"],[1780629563,"6.802047781569966"],[1780629565,"6.6923076923076925"],[1780629567,"6.456185567010309"],[1780629569,"6.415349887133183"],[1780629571,"6.3394308943089435"],[1780629573,"6.348230912476723"],[1780629575,"6.295336787564767"],[1780629577,"6.232114467408585"],[1780629579,"6.3019145802650955"],[1780629581,"6.280386740331492"],[1780629583,"6.251928020565552"],[1780629585,"6.283313325330132"],[1780629587,"6.314942528735632"],[1780629589,"6.286329386437029"],[1780629591,"6.298263534218591"],[1780629593,"6.348249027237354"],[1780629595,"6.33086876155268"],[1780629597,"6.365810451727192"],[1780629599,"6.3926432848588535"],[1780629601,"6.37152209492635"],[1780629603,"6.418994413407821"],[1780629605,"6.41795665634675"],[1780629607,"6.420740740740741"],[1780629609,"6.422687861271676"],[1780629611,"6.408809359944941"],[1780629613,"6.3525913338997455"],[1780629615,"6.345901639344262"],[1780629617,"6.333333333333333"],[1780629619,"6.3064"],[1780629621,"6.2928"],[1780629623,"6.2832"],[1780629625,"6.409090909090909"],[1780629627,"6.409090909090909"],[1780629629,"6.399793388429752"],[1780629631,"6.3977272727272725"],[1780629633,"6.3977272727272725"],[1780629635,"6.384536082474227"],[1780629637,"6.408284023668639"],[1780629639,"6.405325443786983"],[1780629641,"6.405325443786983"]],