{
    "metrics": {
        "ws_connecting": {
            "avg": 168.3272556353735,
            "min": 1.971236,
            "med": 157.178792,
            "max": 983.511791,
            "p(90)": 297.1960601,
            "p(95)": 347.8578593499999,
            "p(99)": 740.3501517199987
        },
        "ws_session_duration": {
            "p(99)": 1661.3619581599994,
            "avg": 417.0947385447539,
            "min": 162.22884,
            "med": 375.25595899999996,
            "max": 2200.613667,
            "p(90)": 521.3133283999999,
            "p(95)": 701.1271389499996
        },
        "iteration_duration": {
            "p(95)": 701.3167856499996,
            "p(99)": 1661.5225377899994,
            "avg": 417.35419609700216,
            "min": 162.386452,
            "med": 375.4976425,
            "max": 2205.994089,
            "p(90)": 521.8333976
        },
        "http_req_connecting": {
            "avg": 0.007092096516791563,
            "min": 0,
            "med": 0,
            "max": 8.478938,
            "p(90)": 0,
            "p(95)": 0,
            "p(99)": 0
        },
        "ws_msgs_received": {
            "count": 14412,
            "rate": 238.4414587852141
        },
        "data_received": {
            "count": 13344392,
            "rate": 220778.2608299848
        },
        "iterations": {
            "count": 14412,
            "rate": 238.4414587852141
        },
        "e2e_latency_ms": {
            "avg": 147.44733555370524,
            "min": 15,
            "med": 109,
            "max": 1911,
            "p(90)": 229,
            "p(95)": 285,
            "p(99)": 1452.229999999996,
            "thresholds": {
                "p(95)<5000": false
            }
        },
        "vus": {
            "value": 14,
            "min": 14,
            "max": 100
        },
        "data_sent": {
            "count": 13718206,
            "rate": 226962.88166500675
        },
        "match_timeouts": {
            "count": 0,
            "rate": 0,
            "thresholds": {
                "count<10": false
            }
        },
        "http_req_failed": {
            "passes": 0,
            "fails": 14412,
            "thresholds": {
                "rate<0.05": false
            },
            "value": 0
        },
        "ws_msgs_sent": {
            "count": 14412,
            "rate": 238.4414587852141
        },
        "http_req_waiting": {
            "p(99)": 215.70413630999954,
            "avg": 52.692328367333126,
            "min": 1.617441,
            "med": 34.642627000000005,
            "max": 271.175159,
            "p(90)": 126.6301928,
            "p(95)": 156.79093179999992
        },
        "http_req_duration": {
            "p(95)": 157.13579994999992,
            "p(99)": 216.06490372999994,
            "avg": 52.94469985657784,
            "min": 1.763622,
            "med": 34.874205,
            "max": 271.717791,
            "p(90)": 126.90649039999998,
            "thresholds": {
                "p(95)<500": false
            }
        },
        "ws_sessions": {
            "count": 14412,
            "rate": 238.4414587852141
        },
        "http_req_blocked": {
            "avg": 0.04565057930890934,
            "min": 0.004003,
            "med": 0.0152125,
            "max": 37.121372,
            "p(90)": 0.0218305,
            "p(95)": 0.026807699999999993,
            "p(99)": 0.33291803999998676
        },
        "http_req_tls_handshaking": {
            "p(90)": 0,
            "p(95)": 0,
            "p(99)": 0,
            "avg": 0,
            "min": 0,
            "med": 0,
            "max": 0
        },
        "join_errors": {
            "count": 0,
            "rate": 0,
            "thresholds": {
                "count<10": false
            }
        },
        "http_req_receiving": {
            "p(90)": 0.2164709,
            "p(95)": 0.26819989999999994,
            "p(99)": 0.7403081699999939,
            "avg": 0.175619272758813,
            "min": 0.040039,
            "med": 0.14244449999999997,
            "max": 33.766789
        },
        "http_req_sending": {
            "avg": 0.0767522164862613,
            "min": 0.013464,
            "med": 0.058036500000000005,
            "max": 72.610648,
            "p(90)": 0.08953779999999999,
            "p(95)": 0.11025289999999993,
            "p(99)": 0.295386999999999
        },
        "vus_max": {
            "max": 100,
            "value": 100,
            "min": 100
        },
        "http_reqs": {
            "count": 14412,
            "rate": 238.4414587852141
        },
        "checks": {
            "passes": 28824,
            "fails": 0,
            "value": 1
        },
        "http_req_duration{expected_response:true}": {
            "p(99)": 216.06490372999994,
            "avg": 52.94469985657784,
            "min": 1.763622,
            "med": 34.874205,
            "max": 271.717791,
            "p(90)": 126.90649039999998,
            "p(95)": 157.13579994999992
        }
    },
    "root_group": {
        "name": "",
        "path": "",
        "id": "d41d8cd98f00b204e9800998ecf8427e",
        "groups": {},
        "checks": {
                "join: status 202": {
                    "path": "::join: status 202",
                    "id": "ccc44eb3c695dc4a3cbba6880c142f20",
                    "passes": 14412,
                    "fails": 0,
                    "name": "join: status 202"
                },
                "ws: connected": {
                    "fails": 0,
                    "name": "ws: connected",
                    "path": "::ws: connected",
                    "id": "8ae4f02789e322983612bd1563e87146",
                    "passes": 14412
                }
            }
    }
}