{
  "broker": "rabbitmq",
  "collected_at": "2026-06-05T03:29:22Z",
  "hop1_latency_ms": {
    "p50": 14.897674418604652,
    "p90": 64.99692307692307,
    "p95": 84.2320254506892,
    "p99": 122.97796037296045
  },
  "hop2_latency_ms": {
    "p50": 13.67551622418879,
    "p90": 38.184,
    "p95": 49.67083333333335,
    "p99": 69.33642857142866
  },
  "throughput": {
    "matches_per_second": 83.84482758620689,
    "join_requests_per_second": 167.68965517241378
  },
  "broker_resources": {
    "cpu_percent": 99.52184665974383,
    "memory_mb": 155.23
  }
}
