{
    "root_group": {
        "id": "d41d8cd98f00b204e9800998ecf8427e",
        "groups": {},
        "checks": {
                "join: status 202": {
                    "name": "join: status 202",
                    "path": "::join: status 202",
                    "id": "ccc44eb3c695dc4a3cbba6880c142f20",
                    "passes": 10733,
                    "fails": 0
                },
                "ws: connected": {
                    "id": "8ae4f02789e322983612bd1563e87146",
                    "passes": 10733,
                    "fails": 0,
                    "name": "ws: connected",
                    "path": "::ws: connected"
                }
            },
        "name": "",
        "path": ""
    },
    "metrics": {
        "http_req_connecting": {
            "p(99)": 0,
            "avg": 0.0032074450759340366,
            "min": 0,
            "med": 0,
            "max": 2.046907,
            "p(90)": 0,
            "p(95)": 0
        },
        "http_req_waiting": {
            "p(99)": 185.7568146000002,
            "avg": 35.29908938740333,
            "min": 2.334747,
            "med": 18.148712,
            "max": 402.478301,
            "p(90)": 94.30089200000003,
            "p(95)": 120.64903199999993
        },
        "checks": {
            "fails": 0,
            "passes": 21466,
            "value": 1
        },
        "http_req_failed": {
            "passes": 0,
            "fails": 10733,
            "thresholds": {
                "rate<0.05": false
            },
            "value": 0
        },
        "vus_max": {
            "value": 100,
            "min": 100,
            "max": 100
        },
        "ws_session_duration": {
            "avg": 561.5424808093725,
            "min": 185.978239,
            "med": 530.67823,
            "max": 30242.717089,
            "p(90)": 801.1622910000006,
            "p(95)": 921.6794581999998,
            "p(99)": 1122.2712375600001
        },
        "data_sent": {
            "count": 10216306,
            "rate": 168696.02936339867
        },
        "ws_msgs_received": {
            "count": 10732,
            "rate": 177.21139001983636
        },
        "e2e_latency_ms": {
            "avg": 99.46412597838241,
            "min": 9,
            "med": 62,
            "max": 887,
            "p(90)": 226,
            "p(95)": 278,
            "p(99)": 473.45000000000255,
            "thresholds": {
                "p(95)<5000": false
            }
        },
        "ws_connecting": {
            "max": 962.128905,
            "p(90)": 578.5486522000001,
            "p(95)": 680.1658213999999,
            "p(99)": 837.6933496400003,
            "avg": 357.3667304668768,
            "min": 13.389945,
            "med": 354.629319
        },
        "ws_msgs_sent": {
            "count": 10733,
            "rate": 177.22790244902197
        },
        "iterations": {
            "count": 10733,
            "rate": 177.22790244902197
        },
        "join_errors": {
            "count": 0,
            "rate": 0,
            "thresholds": {
                "count<10": false
            }
        },
        "http_req_tls_handshaking": {
            "avg": 0,
            "min": 0,
            "med": 0,
            "max": 0,
            "p(90)": 0,
            "p(95)": 0,
            "p(99)": 0
        },
        "match_timeouts": {
            "count": 1,
            "rate": 0.016512429185597872,
            "thresholds": {
                "count<10": false
            }
        },
        "http_reqs": {
            "count": 10733,
            "rate": 177.22790244902197
        },
        "http_req_sending": {
            "avg": 0.10167944237398686,
            "min": 0.015486,
            "med": 0.063271,
            "max": 20.503962,
            "p(90)": 0.11098020000000015,
            "p(95)": 0.17947319999999992,
            "p(99)": 0.9487578400000005
        },
        "iteration_duration": {
            "p(95)": 922.1975046,
            "p(99)": 1122.4670928399999,
            "avg": 561.8453981003476,
            "min": 186.178669,
            "med": 531.045973,
            "max": 30242.925729,
            "p(90)": 801.4333046000002
        },
        "ws_sessions": {
            "count": 10733,
            "rate": 177.22790244902197
        },
        "http_req_blocked": {
            "max": 11.83991,
            "p(90)": 0.022630800000000013,
            "p(95)": 0.031061999999999996,
            "p(99)": 0.43873712000000004,
            "avg": 0.027669957048355544,
            "min": 0.004222,
            "med": 0.016392
        },
        "http_req_receiving": {
            "p(99)": 1.6353294400000045,
            "avg": 0.22447134314730227,
            "min": 0.03479,
            "med": 0.158396,
            "max": 7.86602,
            "p(90)": 0.314261,
            "p(95)": 0.5348197999999998
        },
        "vus": {
            "value": 2,
            "min": 2,
            "max": 100
        },
        "data_received": {
            "count": 9935744,
            "rate": 164063.26920622896
        },
        "http_req_duration{expected_response:true}": {
            "max": 402.904989,
            "p(90)": 94.6001044,
            "p(95)": 121.0142578,
            "p(99)": 186.0049501200002,
            "avg": 35.625240172924535,
            "min": 2.498137,
            "med": 18.43671
        },
        "http_req_duration": {
            "p(95)": 121.0142578,
            "p(99)": 186.0049501200002,
            "avg": 35.625240172924535,
            "min": 2.498137,
            "med": 18.43671,
            "max": 402.904989,
            "p(90)": 94.6001044,
            "thresholds": {
                "p(95)<500": false
            }
        }
    }
}