{
  "broker": "rabbitmq",
  "test_start": 1780630094,
  "test_end": 1780630156,
  "step_seconds": 2,
  "hop1_latency_ms": {
    "p50": [[1780630096,"95"],[1780630098,"16.545454545454547"],[1780630100,"19.555555555555557"],[1780630102,"25.791666666666668"],[1780630104,"23.047619047619047"],[1780630106,"17.511111111111113"],[1780630108,"15.543417366946779"],[1780630110,"16.22309711286089"],[1780630112,"14.665178571428571"],[1780630114,"14.302919708029197"],[1780630116,"15.174688057040997"],[1780630118,"15.451816745655607"],[1780630120,"15.15007215007215"],[1780630122,"14.661246612466124"],[1780630124,"15.04726368159204"],[1780630126,"15.60952380952381"],[1780630128,"15.86946386946387"],[1780630130,"15.985310734463276"],[1780630132,"16.439165701042874"],[1780630134,"16.54882154882155"],[1780630136,"16.697297297297297"],[1780630138,"16.582027168234063"],[1780630140,"16.70212765957447"],[1780630142,"16.535749265426052"],[1780630144,"16.462945139557267"],[1780630146,"16.230916030534353"],[1780630148,"16.041666666666668"],[1780630150,"15.973993288590604"],[1780630152,"15.85383980181668"],[1780630154,"15.815510204081633"],[1780630156,"14.981220657276996"]],
    "p95": [[1780630096,"209.5"],[1780630098,"128.4"],[1780630100,"93.53333333333333"],[1780630102,"127.8"],[1780630104,"122.66"],[1780630106,"112.75160256410255"],[1780630108,"104.87878787878788"],[1780630110,"99.26608996539784"],[1780630112,"95.09521072796936"],[1780630114,"91.02028708133976"],[1780630116,"93.39701280227585"],[1780630118,"90.19531864231638"],[1780630120,"95.98962697274027"],[1780630122,"92.86832024564578"],[1780630124,"89.77052810386138"],[1780630126,"92.62364694305396"],[1780630128,"96.1023563986938"],[1780630130,"94.59224421972185"],[1780630132,"96.59238008638322"],[1780630134,"95.67641806722689"],[1780630136,"95.94935814935818"],[1780630138,"95.49971421354594"],[1780630140,"94.84733772233773"],[1780630142,"93.88134484563058"],[1780630144,"93.25716666666662"],[1780630146,"92.39646428571419"],[1780630148,"92.20946275946275"],[1780630150,"92.07787371358798"],[1780630152,"91.66770453482928"],[1780630154,"91.52662520903009"],[1780630156,"84.41562389536935"]],
    "p99": [[1780630096,"217"],[1780630098,"206.68000000000012"],[1780630100,"184.10999999999967"],[1780630102,"199.99333333333325"],[1780630104,"186.72933333333305"],[1780630106,"175.10866666666655"],[1780630108,"168.12999999999994"],[1780630110,"164.0952884615382"],[1780630112,"161.77115853658552"],[1780630114,"157.30106097560946"],[1780630116,"154.40863278886874"],[1780630118,"151.39075015124024"],[1780630120,"156.6175271667108"],[1780630122,"154.3740447662935"],[1780630124,"152.09605529953936"],[1780630126,"155.984375"],[1780630128,"159.39342720437463"],[1780630130,"158.1453287764866"],[1780630132,"156.75537388926855"],[1780630134,"155.75011175740164"],[1780630136,"154.67507692307683"],[1780630138,"153.5921398601396"],[1780630140,"152.53597202797218"],[1780630142,"151.78643356643374"],[1780630144,"150.90061538461526"],[1780630146,"150.42120279720282"],[1780630148,"149.8967692307691"],[1780630150,"149.25430769230772"],[1780630152,"148.58424671385214"],[1780630154,"147.9129221435792"],[1780630156,"123.54807692307689"]]
  },
  "hop2_latency_ms": {
    "p50": [[1780630098,"284"],[1780630100,"21"],[1780630102,"23.4"],[1780630104,"24.5"],[1780630106,"21.09375"],[1780630108,"16.657894736842106"],[1780630110,"17.21834061135371"],[1780630112,"15.527881040892193"],[1780630114,"14.908212560386474"],[1780630116,"15.558265582655826"],[1780630118,"15.77345537757437"],[1780630120,"14.901818181818182"],[1780630122,"15.01908396946565"],[1780630124,"15.298586572438163"],[1780630126,"15.295345104333869"],[1780630128,"15.583076923076923"],[1780630130,"15.789550072568941"],[1780630132,"15.868715083798882"],[1780630134,"15.956692913385826"],[1780630136,"15.96045918367347"],[1780630138,"15.797297297297296"],[1780630140,"15.757177033492823"],[1780630142,"15.762180974477959"],[1780630144,"15.617579908675799"],[1780630146,"15.458379578246394"],[1780630148,"15.31763417305586"],[1780630150,"15.122712594187298"],[1780630152,"15.008403361344538"],[1780630154,"15.013555787278415"],[1780630156,"15.002063983488132"]],
    "p95": [[1780630098,"589"],[1780630100,"577.8"],[1780630102,"571.2"],[1780630104,"525.75"],[1780630106,"470.1"],[1780630108,"325.07"],[1780630110,"209.55999999999912"],[1780630112,"72.05666666666664"],[1780630114,"64.86747967479677"],[1780630116,"73.49363636363636"],[1780630118,"70.2596618357488"],[1780630120,"64.79593495934957"],[1780630122,"64.38567901234565"],[1780630124,"62.90111111111113"],[1780630126,"60.74025914315565"],[1780630128,"62.62685185185183"],[1780630130,"62.13468013468014"],[1780630132,"62.414141414141405"],[1780630134,"61.4380457380457"],[1780630136,"61.22239382239379"],[1780630138,"60.40373388773387"],[1780630140,"60.29947609147608"],[1780630142,"59.95052790346905"],[1780630144,"59.12820512820513"],[1780630146,"58.72720227920227"],[1780630148,"58.472618233618235"],[1780630150,"58.111275999340414"],[1780630152,"57.76611487998489"],[1780630154,"57.48078168798434"],[1780630156,"57.43936235366167"]],
    "p99": [[1780630098,"752.0399999999989"],[1780630100,"595.68"],[1780630102,"592.88"],[1780630104,"586.95"],[1780630106,"584.8399999999999"],[1780630108,"581.6600000000001"],[1780630110,"578.3566666666666"],[1780630112,"576.3492000000001"],[1780630114,"574.5347999999999"],[1780630116,"573.6299999999999"],[1780630118,"572.79"],[1780630120,"571.2940000000001"],[1780630122,"569.4586666666665"],[1780630124,"567.8186666666666"],[1780630126,"560.3870999999982"],[1780630128,"550.4978999999981"],[1780630130,"540.6689999999993"],[1780630132,"528.9707999999999"],[1780630134,"523.4758400000002"],[1780630136,"520.1830399999997"],[1780630138,"516.6236800000004"],[1780630140,"513.1270399999996"],[1780630142,"510.61824000000047"],[1780630144,"507.67040000000026"],[1780630146,"500.59573333333196"],[1780630148,"495.3718666666645"],[1780630150,"488.0368000000002"],[1780630152,"481.94680000000017"],[1780630154,"476.37106666666824"],[1780630156,"472.3922666666651"]]
  },
  "throughput_per_second": [[1780630098,"2.2893166666666667"],[1780630100,"4.406116666666667"],[1780630102,"6.24775"],[1780630104,"8.908341666666667"],[1780630106,"11.551363333333335"],[1780630108,"14.237691666666667"],[1780630110,"17.470859523809526"],[1780630112,"20.437891666666665"],[1780630114,"22.544564814814812"],[1780630116,"24.362791666666663"],[1780630118,"26.473563636363636"],[1780630120,"29.827433333333328"],[1780630122,"33.042235897435894"],[1780630124,"36.5433369047619"],[1780630126,"39.855667777777775"],[1780630128,"42.455476041666664"],[1780630130,"45.37664901960785"],[1780630132,"48.68600000000001"],[1780630134,"52.28144298245614"],[1780630136,"55.92630249999999"],[1780630138,"59.654393650793644"],[1780630140,"63.21287803030303"],[1780630142,"65.8439543478261"],[1780630144,"69.01412986111113"],[1780630146,"72.28502866666666"],[1780630148,"75.89215320512821"],[1780630150,"80.30618703703705"],[1780630152,"83.97931130952381"],[1780630154,"87.09722988505747"],[1780630156,"89.77125344827587"]],