{
  "broker": "rabbitmq",
  "collected_at": "2026-06-05T03:34:33Z",
  "hop1_latency_ms": {
    "p50": 9.402247191011236,
    "p90": 32.82162162162164,
    "p95": 52.711328671328644,
    "p99": 129.75309330628832
  },
  "hop2_latency_ms": {
    "p50": 10.686746987951807,
    "p90": 26.375,
    "p95": 36.96825396825397,
    "p99": 72.83424242424233
  },
  "throughput": {
    "matches_per_second": 56.706896551724135,
    "join_requests_per_second": 113.3103448275862
  },
  "broker_resources": {
    "cpu_percent": 96.61200499953885,
    "memory_mb": 136.07
  }
}
