{
    "root_group": {
        "name": "",
        "path": "",
        "id": "d41d8cd98f00b204e9800998ecf8427e",
        "groups": {},
        "checks": {
                "join: status 202": {
                    "passes": 12762,
                    "fails": 12,
                    "name": "join: status 202",
                    "path": "::join: status 202",
                    "id": "ccc44eb3c695dc4a3cbba6880c142f20"
                },
                "ws: connected": {
                    "name": "ws: connected",
                    "path": "::ws: connected",
                    "id": "8ae4f02789e322983612bd1563e87146",
                    "passes": 12774,
                    "fails": 71
                }
            }
    },
    "metrics": {
        "ws_session_duration": {
            "med": 3466.472611,
            "max": 60006.566036,
            "p(90)": 7465.684977400001,
            "p(95)": 9702.177011799984,
            "p(99)": 38047.923738519865,
            "avg": 4879.747806085169,
            "min": 535.388954
        },
        "iterations": {
            "count": 12845,
            "rate": 152.24391516180535
        },
        "http_reqs": {
            "count": 12774,
            "rate": 151.40239566188413
        },
        "ws_msgs_received": {
            "count": 12762,
            "rate": 151.2601670140101
        },
        "checks": {
            "passes": 25536,
            "fails": 83,
            "value": 0.9967602170264257
        },
        "data_sent": {
            "count": 12236800,
            "rate": 145035.29319205758
        },
        "ws_connecting": {
            "avg": 4539.446275764177,
            "min": 64.669808,
            "med": 3223.160491,
            "max": 60005.708582,
            "p(90)": 6716.5922616,
            "p(95)": 9532.61610719997,
            "p(99)": 37765.54304443999
        },
        "iteration_duration": {
            "avg": 4880.104563583186,
            "min": 535.698576,
            "med": 3466.645545,
            "max": 60007.753825,
            "p(90)": 7465.848443000001,
            "p(95)": 9702.339982799984,
            "p(99)": 38048.09216287986
        },
        "http_req_blocked": {
            "max": 282.06666,
            "p(90)": 0.6696036000000001,
            "p(95)": 1.313697849999995,
            "p(99)": 5.157542590000015,
            "avg": 0.3416102452638174,
            "min": 0.004537,
            "med": 0.017662
        },
        "match_timeouts": {
            "count": 0,
            "rate": 0,
            "thresholds": {
                "count<10": false
            }
        },
        "http_req_waiting": {
            "p(90)": 121.70622180000007,
            "p(95)": 1874.8094438499968,
            "p(99)": 3997.8590744200005,
            "avg": 198.51914752638143,
            "min": 0.575348,
            "med": 13.7374095,
            "max": 4418.663025
        },
        "data_received": {
            "count": 11816612,
            "rate": 140055.06226765053
        },
        "join_errors": {
            "rate": 0.14222864787401046,
            "count": 12,
            "thresholds": {
                "count<10": true
            }
        },
        "ws_sessions": {
            "count": 12845,
            "rate": 152.24391516180535
        },
        "http_req_tls_handshaking": {
            "min": 0,
            "med": 0,
            "max": 0,
            "p(90)": 0,
            "p(95)": 0,
            "p(99)": 0,
            "avg": 0
        },
        "http_req_receiving": {
            "med": 0.15879100000000002,
            "max": 12.831715,
            "p(90)": 0.3255089000000001,
            "p(95)": 0.5591758999999996,
            "p(99)": 1.575508370000003,
            "avg": 0.22855436394238246,
            "min": 0
        },
        "e2e_latency_ms": {
            "p(90)": 255,
            "p(95)": 1900.949999999999,
            "p(99)": 4046.3899999999994,
            "avg": 240.3692211252155,
            "min": 11,
            "med": 50,
            "max": 4446,
            "thresholds": {
                "p(95)<5000": false
            }
        },
        "http_req_connecting": {
            "min": 0,
            "med": 0,
            "max": 50.046777,
            "p(90)": 0.4667389000000001,
            "p(95)": 0.9823217499999974,
            "p(99)": 4.062226850000003,
            "avg": 0.23168666369187346
        },
        "http_req_failed": {
            "passes": 12,
            "fails": 12762,
            "thresholds": {
                "rate<0.05": false
            },
            "value": 0.0009394081728511038
        },
        "http_req_sending": {
            "max": 269.253333,
            "p(90)": 0.16399660000000002,
            "p(95)": 0.26023074999999923,
            "p(99)": 1.302409450000001,
            "avg": 0.1551833068733351,
            "min": 0.015418,
            "med": 0.068011
        },
        "http_req_duration": {
            "avg": 198.90288519719684,
            "min": 0.628303,
            "med": 14.0948765,
            "max": 4418.922737,
            "p(90)": 121.94713160000003,
            "p(95)": 1875.233609699997,
            "p(99)": 3998.1780953200005,
            "thresholds": {
                "p(95)<500": true
            }
        },
        "vus_max": {
            "value": 1000,
            "min": 213,
            "max": 1000
        },
        "http_req_duration{expected_response:true}": {
            "p(95)": 1876.448598899998,
            "p(99)": 3998.394361239999,
            "avg": 199.06997706738701,
            "min": 2.262895,
            "med": 14.0908375,
            "max": 4418.922737,
            "p(90)": 122.12401639999993
        },
        "vus": {
            "value": 2,
            "min": 0,
            "max": 1000
        },
        "ws_msgs_sent": {
            "count": 12774,
            "rate": 151.40239566188413
        }
    }
}