{
  "broker": "rabbitmq",
  "test_start": 1780630377,
  "test_end": 1780630466,
  "step_seconds": 2,
  "hop1_latency_ms": {
    "p50": [[1780630377,"0"],[1780630379,"0"],[1780630381,"0"],[1780630383,"0"],[1780630385,"11.882352941176471"],[1780630387,"8.61111111111111"],[1780630389,"9.445544554455445"],[1780630391,"13.524390243902438"],[1780630393,"12.292207792207792"],[1780630395,"11.560538116591928"],[1780630397,"12.310679611650485"],[1780630399,"12.452173913043477"],[1780630401,"11.87828947368421"],[1780630403,"11.614906832298137"],[1780630405,"11.337078651685394"],[1780630407,"11.406565656565657"],[1780630409,"11.375586854460094"],[1780630411,"11.221729490022174"],[1780630413,"11.132352941176471"],[1780630415,"10.931159420289855"],[1780630417,"10.988155668358715"],[1780630419,"10.82574568288854"],[1780630421,"10.874074074074073"],[1780630423,"10.440287769784172"],[1780630425,"10.429567642956764"],[1780630427,"10.633514986376023"],[1780630429,"10.454780361757106"],[1780630431,"10.613836477987421"],[1780630433,"10.584558823529411"],[1780630435,"10.463700234192038"],[1780630437,"10.73263888888889"],[1780630439,"10.708474576271186"],[1780630441,"10.532100108813928"],[1780630443,"10.56029106029106"],[1780630445,"10.120734908136482"],[1780630447,"9.861431870669746"],[1780630449,"9.82016036655212"],[1780630451,"9.810227272727273"],[1780630453,"9.805681818181817"],[1780630455,"9.804545454545455"],[1780630457,"9.62704309063893"],[1780630459,"9.62407132243685"],[1780630461,"9.616641901931649"],[1780630463,"9.616641901931649"],[1780630465,"9.616641901931649"]],
    "p95": [[1780630377,"0"],[1780630379,"0"],[1780630381,"0"],[1780630383,"0"],[1780630385,"29.666666666666668"],[1780630387,"23.814285714285706"],[1780630389,"27.708333333333332"],[1780630391,"91.59999999999998"],[1780630393,"80.9142857142857"],[1780630395,"74.10000000000002"],[1780630397,"68.54857142857145"],[1780630399,"64.8482051282051"],[1780630401,"61.36296296296287"],[1780630403,"57.44999999999997"],[1780630405,"54.59230769230769"],[1780630407,"51.78148148148146"],[1780630409,"49.817857142857164"],[1780630411,"48.27692307692307"],[1780630413,"47.75458333333331"],[1780630415,"46.31674208144796"],[1780630417,"44.872413793103426"],[1780630419,"43.48571428571423"],[1780630421,"42.26578947368417"],[1780630423,"41.15999999999999"],[1780630425,"40.65111111111109"],[1780630427,"39.95769230769229"],[1780630429,"39.18113207547167"],[1780630431,"40.31"],[1780630433,"39.95087719298247"],[1780630435,"39.298275862068955"],[1780630437,"48.36425531914896"],[1780630439,"47.52606060606059"],[1780630441,"46.62887052341593"],[1780630443,"45.527412887658755"],[1780630445,"40.127450980392155"],[1780630447,"39.43928571428569"],[1780630449,"39.344642857142844"],[1780630451,"39.24642857142856"],[1780630453,"39.2357142857143"],[1780630455,"39.23392857142854"],[1780630457,"40.77777777777778"],[1780630459,"40.772222222222204"],[1780630461,"40.88214285714284"],[1780630463,"40.88214285714284"],[1780630465,"40.88214285714284"]],
    "p99": [[1780630377,"0"],[1780630379,"0"],[1780630381,"0"],[1780630383,"0"],[1780630385,"42"],[1780630387,"33.320000000000014"],[1780630389,"44.25"],[1780630391,"127.7466666666666"],[1780630393,"123.24799999999996"],[1780630395,"119.7800000000002"],[1780630397,"115.88904761904759"],[1780630399,"113.71499999999992"],[1780630401,"110.9417142857143"],[1780630403,"108.33280000000006"],[1780630405,"105.33888888888876"],[1780630407,"102.30999999999995"],[1780630409,"99.473846153846"],[1780630411,"97.92117647058812"],[1780630413,"96.54338461538465"],[1780630415,"94.79846153846168"],[1780630417,"93.09838461538473"],[1780630419,"91.45866666666669"],[1780630421,"92.11840476190478"],[1780630423,"89.38195238095247"],[1780630425,"87.30926190476174"],[1780630427,"84.89842857142875"],[1780630429,"82.89285714285724"],[1780630431,"80.78202380952345"],[1780630433,"80.15709090909117"],[1780630435,"78.4529974025975"],[1780630437,"114.48308823529408"],[1780630439,"113.74271739130464"],[1780630441,"112.27258928571419"],[1780630443,"110.18155055570577"],[1780630445,"100.9552655677653"],[1780630447,"98.10582417582462"],[1780630449,"97.70735347985344"],[1780630451,"97.29384615384666"],[1780630453,"97.24873626373578"],[1780630455,"97.2412179487173"],[1780630457,"115.29725274725286"],[1780630459,"115.28576923076909"],[1780630461,"114.6024999999997"],[1780630463,"114.6024999999997"],[1780630465,"114.6024999999997"]]
  },
  "hop2_latency_ms": {
    "p50": [[1780630377,"0"],[1780630379,"0"],[1780630381,"0"],[1780630383,"19.5"],[1780630385,"13.333333333333334"],[1780630387,"11.654545454545454"],[1780630389,"12.582089552238806"],[1780630391,"12.5"],[1780630393,"12.115384615384615"],[1780630395,"11.987951807228916"],[1780630397,"12.63953488372093"],[1780630399,"12.621761658031089"],[1780630401,"12.21951219512195"],[1780630403,"11.77431906614786"],[1780630405,"11.814946619217082"],[1780630407,"11.593548387096774"],[1780630409,"11.54954954954955"],[1780630411,"11.693409742120345"],[1780630413,"11.564643799472295"],[1780630415,"11.615196078431373"],[1780630417,"11.507972665148063"],[1780630419,"11.442516268980476"],[1780630421,"11.240816326530613"],[1780630423,"11.11328125"],[1780630425,"11.29622641509434"],[1780630427,"11.179347826086957"],[1780630429,"11.24432809773124"],[1780630431,"11.236577181208053"],[1780630433,"11.177049180327868"],[1780630435,"11.324193548387097"],[1780630437,"11.32824427480916"],[1780630439,"11.294814814814815"],[1780630441,"11.263157894736842"],[1780630443,"11.19891745602165"],[1780630445,"10.845916795069337"],[1780630447,"10.758358662613983"],[1780630449,"10.733736762481088"],[1780630451,"10.72465960665658"],[1780630453,"10.72465960665658"],[1780630455,"10.712556732223904"],[1780630457,"10.80952380952381"],[1780630459,"10.807539682539682"],[1780630461,"10.801587301587302"],[1780630463,"10.801587301587302"],[1780630465,"10.801587301587302"]],
    "p95": [[1780630377,"0"],[1780630379,"0"],[1780630381,"0"],[1780630383,"239.19999999999987"],[1780630385,"147.00000000000014"],[1780630387,"37.50000000000006"],[1780630389,"43.67500000000001"],[1780630391,"40.5"],[1780630393,"37.71249999999998"],[1780630395,"35.55"],[1780630397,"34.75555555555555"],[1780630399,"33.973684210526315"],[1780630401,"32.87272727272727"],[1780630403,"31.91199999999999"],[1780630405,"31.54615384615384"],[1780630407,"30.809090909090905"],[1780630409,"30.230303030303013"],[1780630411,"30.038888888888877"],[1780630413,"29.580555555555545"],[1780630415,"29.215384615384608"],[1780630417,"28.732558139534884"],[1780630419,"28.42558139534882"],[1780630421,"27.94"],[1780630423,"27.62"],[1780630425,"28.290740740740738"],[1780630427,"27.94098360655737"],[1780630429,"28.30877192982457"],[1780630431,"28.43166666666666"],[1780630433,"27.688888888888894"],[1780630435,"31.93617021276596"],[1780630437,"31.65106382978724"],[1780630439,"31.44489795918366"],[1780630441,"31.036734693877538"],[1780630443,"30.650847457627112"],[1780630445,"29.257894736842086"],[1780630447,"29.04999999999999"],[1780630449,"28.98541666666665"],[1780630451,"28.972916666666645"],[1780630453,"28.972916666666645"],[1780630455,"28.956249999999994"],[1780630457,"31.539999999999996"],[1780630459,"31.536666666666648"],[1780630461,"31.526666666666642"],[1780630463,"31.526666666666642"],[1780630465,"31.526666666666642"]],