{
  "broker": "rabbitmq",
  "collected_at": "2026-06-05T03:37:29Z",
  "hop1_latency_ms": {
    "p50": 9.377643504531722,
    "p90": 26.08571428571429,
    "p95": 32.459523809523795,
    "p99": 48.063392857142865
  },
  "hop2_latency_ms": {
    "p50": 10.835390946502057,
    "p90": 20.728125,
    "p95": 24.855172413793095,
    "p99": 33.056
  },
  "throughput": {
    "matches_per_second": 47.39655172413793,
    "join_requests_per_second": 88.62068965517241
  },
  "broker_resources": {
    "cpu_percent": 98.01663045206409,
    "memory_mb": 135.37
  }
}
