{
    "root_group": {
        "groups": {},
        "checks": {
                "join: status 202": {
                    "name": "join: status 202",
                    "path": "::join: status 202",
                    "id": "ccc44eb3c695dc4a3cbba6880c142f20",
                    "passes": 12459,
                    "fails": 18
                },
                "ws: connected": {
                    "passes": 12476,
                    "fails": 457,
                    "name": "ws: connected",
                    "path": "::ws: connected",
                    "id": "8ae4f02789e322983612bd1563e87146"
                }
            },
        "name": "",
        "path": "",
        "id": "d41d8cd98f00b204e9800998ecf8427e"
    },
    "metrics": {
        "ws_session_duration": {
            "med": 3873.186601,
            "max": 60097.393608,
            "p(90)": 10462.465516000006,
            "p(95)": 30993.645102999995,
            "p(99)": 60001.0081488,
            "avg": 7321.400213151018,
            "min": 647.23964
        },
        "http_req_sending": {
            "avg": 0.14128687705377885,
            "min": 0.014749,
            "med": 0.074119,
            "max": 38.229347,
            "p(90)": 0.19107739999999998,
            "p(95)": 0.29383819999999966,
            "p(99)": 1.2005363599999983
        },
        "http_req_receiving": {
            "med": 0.163704,
            "max": 8.719755,
            "p(90)": 0.3545628,
            "p(95)": 0.628082599999999,
            "p(99)": 1.7784750399999998,
            "avg": 0.24130621078784886,
            "min": 0
        },
        "iteration_duration": {
            "avg": 7321.761434801723,
            "min": 647.491339,
            "med": 3873.824974,
            "max": 60097.727144,
            "p(90)": 10462.657876200006,
            "p(95)": 30993.8102414,
            "p(99)": 60001.27488172
        },
        "http_req_failed": {
            "passes": 18,
            "fails": 12459,
            "thresholds": {
                "rate<0.05": false
            },
            "value": 0.001442654484251022
        },
        "ws_msgs_received": {
            "count": 12458,
            "rate": 138.41961846768507
        },
        "data_received": {
            "count": 11536862,
            "rate": 128184.94432126619
        },
        "iterations": {
            "count": 12933,
            "rate": 143.69729696922226
        },
        "ws_msgs_sent": {
            "count": 12477,
            "rate": 138.63072560774654
        },
        "http_req_duration{expected_response:true}": {
            "max": 5414.469215,
            "p(90)": 454.2982556,
            "p(95)": 1958.414643699999,
            "p(99)": 4993.7692104,
            "avg": 267.3914184090212,
            "min": 2.349099,
            "med": 13.879544
        },
        "http_req_blocked": {
            "max": 42.677114,
            "p(90)": 0.8385709999999997,
            "p(95)": 1.4657353999999978,
            "p(99)": 3.8625341599999996,
            "avg": 0.33683030960967986,
            "min": 0.004539,
            "med": 0.018449
        },
        "http_req_waiting": {
            "avg": 266.7609325654414,
            "min": 2.118457,
            "med": 13.495328,
            "max": 5414.016575,
            "p(90)": 453.6048783999998,
            "p(95)": 1954.8295483999993,
            "p(99)": 4993.098782079999
        },
        "ws_connecting": {
            "p(99)": 60000.91187578,
            "avg": 6915.932276428959,
            "min": 101.644847,
            "med": 3601.4764385,
            "max": 60097.265657,
            "p(90)": 9899.851960900005,
            "p(95)": 30880.68500049999
        },
        "e2e_latency_ms": {
            "p(95)": 1980,
            "p(99)": 5163,
            "avg": 322.26336490608446,
            "min": 8,
            "med": 51,
            "max": 5533,
            "p(90)": 801.3000000000011,
            "thresholds": {
                "p(95)<5000": false
            }
        },
        "vus": {
            "value": 1,
            "min": 0,
            "max": 1500
        },
        "data_sent": {
            "rate": 134737.4877307326,
            "count": 12126602
        },
        "vus_max": {
            "value": 1500,
            "min": 221,
            "max": 1500
        },
        "http_req_tls_handshaking": {
            "avg": 0,
            "min": 0,
            "med": 0,
            "max": 0,
            "p(90)": 0,
            "p(95)": 0,
            "p(99)": 0
        },
        "http_req_duration": {
            "max": 5414.469215,
            "p(90)": 453.83467519999977,
            "p(95)": 1957.525185199999,
            "p(99)": 4993.518214799999,
            "avg": 267.1435256532816,
            "min": 2.349099,
            "med": 13.880214,
            "thresholds": {
                "p(95)<500": true
            }
        },
        "join_errors": {
            "count": 18,
            "rate": 0.19999623795298854,
            "thresholds": {
                "count<10": true
            }
        },
        "http_req_connecting": {
            "avg": 0.23811707814378472,
            "min": 0,
            "med": 0,
            "max": 42.502373,
            "p(90)": 0.5348011999999994,
            "p(95)": 1.0775111999999982,
            "p(99)": 3.4235457999999945
        },
        "match_timeouts": {
            "count": 0,
            "rate": 0,
            "thresholds": {
                "count<10": false
            }
        },
        "ws_sessions": {
            "count": 12934,
            "rate": 143.70840787133076
        },
        "checks": {
            "passes": 24935,
            "fails": 475,
            "value": 0.9813065722156631
        },
        "http_reqs": {
            "count": 12477,
            "rate": 138.63072560774654
        }
    }
}