{
  "broker": "rabbitmq",
  "test_start": 1780630545,
  "test_end": 1780630643,
  "step_seconds": 2,
  "hop1_latency_ms": {
    "p50": [[1780630545,"0"],[1780630547,"0"],[1780630549,"0"],[1780630551,"0"],[1780630553,"0"],[1780630555,"4.535714285714286"],[1780630557,"5.336"],[1780630559,"5.658333333333333"],[1780630561,"8.136842105263158"],[1780630563,"25.23901098901099"],[1780630565,"21.800511508951406"],[1780630567,"14.676923076923076"],[1780630569,"12.634615384615385"],[1780630571,"11.737430167597765"],[1780630573,"10.933852140077821"],[1780630575,"10.258620689655173"],[1780630577,"10.330097087378642"],[1780630579,"10.981481481481481"],[1780630581,"10.713467048710601"],[1780630583,"10.197402597402597"],[1780630585,"9.9979035639413"],[1780630587,"10.10913140311804"],[1780630589,"10.194560669456067"],[1780630591,"10.36"],[1780630593,"10.601923076923077"],[1780630595,"10.486238532110091"],[1780630597,"10.520210896309315"],[1780630599,"10.387959866220736"],[1780630601,"10.298578199052132"],[1780630603,"10.428139183055976"],[1780630605,"10.62989840348331"],[1780630607,"10.666666666666666"],[1780630609,"10.471295060080108"],[1780630611,"10.508344030808729"],[1780630613,"9.658303464755077"],[1780630615,"9.493728620296466"],[1780630617,"9.454054054054055"],[1780630619,"9.578010471204188"],[1780630621,"9.477225672877847"],[1780630623,"9.454451345755693"],[1780630625,"9.91123439667129"],[1780630627,"9.893203883495145"],[1780630629,"9.889042995839112"],[1780630631,"9.88488210818308"],[1780630633,"9.879334257975035"],[1780630635,"9.879334257975035"],[1780630637,"9.858778625954198"],[1780630639,"9.858778625954198"],[1780630641,"9.849236641221374"],[1780630643,"9.849236641221374"]],
    "p95": [[1780630545,"0"],[1780630547,"0"],[1780630549,"0"],[1780630551,"0"],[1780630553,"0"],[1780630555,"11.349999999999994"],[1780630557,"12.492857142857142"],[1780630559,"14.258333333333326"],[1780630561,"258.19999999999993"],[1780630563,"315.19999999999993"],[1780630565,"306.20422077922075"],[1780630567,"296.6666666666666"],[1780630569,"290.6207792207791"],[1780630571,"282.04444444444437"],[1780630573,"272.9703243616286"],[1780630575,"265.80023391812864"],[1780630577,"260.41156462585036"],[1780630579,"253.00000000000003"],[1780630581,"244.35789473684193"],[1780630583,"235.54615384615366"],[1780630585,"225.41460761460732"],[1780630587,"214.78242705570253"],[1780630589,"200.45624999999959"],[1780630591,"188.28853398853389"],[1780630593,"178.01071969696935"],[1780630595,"167.54783950617244"],[1780630597,"155.5332902001377"],[1780630599,"145.2974489795913"],[1780630601,"131.36703296703206"],[1780630603,"117.04142173615818"],[1780630605,"110.01307036993815"],[1780630607,"101.98354978354944"],[1780630609,"93.38431372549032"],[1780630611,"87.00000000000001"],[1780630613,"38.1964705882353"],[1780630615,"37.80370370370368"],[1780630617,"37.45432098765431"],[1780630619,"37.1560975609756"],[1780630621,"37.03846153846153"],[1780630623,"37.012820512820504"],[1780630625,"39.00806451612903"],[1780630627,"38.99024390243901"],[1780630629,"38.98658536585366"],[1780630631,"38.98292682926827"],[1780630633,"38.97804878048779"],[1780630635,"38.97804878048779"],[1780630637,"37.752173913043485"],[1780630639,"37.752173913043485"],[1780630641,"37.741304347826095"],[1780630643,"37.741304347826095"]],
    "p99": [[1780630545,"0"],[1780630547,"0"],[1780630549,"0"],[1780630551,"0"],[1780630553,"0"],[1780630555,"14.840000000000003"],[1780630557,"21.389999999999986"],[1780630559,"34.729999999999905"],[1780630561,"316.9480000000001"],[1780630563,"378.81999999999994"],[1780630565,"371.5366666666667"],[1780630567,"361.75466666666676"],[1780630569,"355.3103333333331"],[1780630571,"349.57666666666694"],[1780630573,"342.43333333333317"],[1780630575,"338.57777777777784"],[1780630577,"335.625"],[1780630579,"333.5035714285712"],[1780630581,"331.30258373205737"],[1780630583,"329.43577272727265"],[1780630585,"327.5239525691701"],[1780630587,"325.550118577075"],[1780630589,"323.17869281045745"],[1780630591,"321.4652941176472"],[1780630593,"319.8923529411763"],[1780630595,"318.118557544757"],[1780630597,"316.2620703324806"],[1780630599,"314.8200153452688"],[1780630601,"313.1367841880339"],[1780630603,"311.2070726495726"],[1780630605,"309.8659259259261"],[1780630607,"308.31474074074066"],[1780630609,"306.4675781818182"],[1780630611,"304.66395151515167"],[1780630613,"56.93733333333339"],[1780630615,"56.61621052631572"],[1780630617,"56.30018306636154"],[1780630619,"55.84526315789484"],[1780630621,"55.580434782608634"],[1780630623,"55.63951023017906"],[1780630625,"59.4255555555556"],[1780630627,"59.39762962962965"],[1780630629,"59.39118518518526"],[1780630631,"59.38474074074067"],[1780630633,"59.37614814814809"],[1780630635,"59.37614814814809"],[1780630637,"56.21222742474921"],[1780630639,"56.21222742474921"],[1780630641,"56.20125752508362"],[1780630643,"56.20125752508362"]]
  },
  "hop2_latency_ms": {
    "p50": [[1780630545,"0"],[1780630547,"0"],[1780630549,"0"],[1780630551,"0"],[1780630553,"195"],[1780630555,"13.266666666666667"],[1780630557,"9.472727272727273"],[1780630559,"11"],[1780630561,"23.333333333333332"],[1780630563,"24.76923076923077"],[1780630565,"19.18421052631579"],[1780630567,"16.5"],[1780630569,"14.347368421052632"],[1780630571,"13.324561403508772"],[1780630573,"12.666666666666666"],[1780630575,"12.545454545454545"],[1780630577,"12.846153846153847"],[1780630579,"13.005263157894737"],[1780630581,"12.246575342465754"],[1780630583,"11.92517006802721"],[1780630585,"11.95253164556962"],[1780630587,"11.842261904761905"],[1780630589,"11.997183098591549"],[1780630591,"12.18867924528302"],[1780630593,"11.911764705882353"],[1780630595,"11.858823529411765"],[1780630597,"11.953020134228188"],[1780630599,"11.842436974789916"],[1780630601,"11.831325301204819"],[1780630603,"11.95330739299611"],[1780630605,"11.97752808988764"],[1780630607,"11.922800718132855"],[1780630609,"11.804794520547945"],[1780630611,"11.722950819672132"],[1780630613,"10.82"],[1780630615,"10.78962962962963"],[1780630617,"10.842857142857143"],[1780630619,"10.82638888888889"],[1780630621,"10.8125"],[1780630623,"10.806944444444444"],[1780630625,"11.019108280254777"],[1780630627,"11.016985138004246"],[1780630629,"11.012738853503185"],[1780630631,"11.008492569002124"],[1780630633,"11.008492569002124"],[1780630635,"11.00212314225053"],[1780630637,"11.022792022792023"],[1780630639,"11.017094017094017"],[1780630641,"11.017094017094017"],[1780630643,"11.017094017094017"]],